,Date,Open,High,Close,Adj Close,Volume,compound,subjectivity,polarity,rsi,stocastic_oscillator,mfi,macd,ema,vwap,obv,bbands_upper,bbands_lower,chaikin,target
2,4/27/2022,155.9100037,159.7899933,156.5700073,155.6272736,88063200,-0.7096,0.430030908,0.049932822,29.47273056,6.618480112,-0.242859849,-3.08996784,164.6012788,165.5098041,-144845300,174.2959831,156.4883012,-15448911.22,159.25
3,4/28/2022,159.25,164.5200043,163.6399994,162.6546783,130216800,0,0.470353006,0.117169955,44.70926262,50.36583891,-0.175367002,-2.881853189,164.4731082,164.7374599,-14628500,172.8887913,156.6812073,28450452.15,161.8399963
4,4/29/2022,161.8399963,166.1999969,157.6499939,156.7007446,131747600,0.5423,0.484714161,0.073003559,37.34747502,14.05566484,-0.246547578,-3.163793964,163.5633596,163.9100087,-146376100,172.2041097,155.5887457,-22737455.72,156.7100067
5,5/2/2022,156.7100067,158.2299957,157.9600067,157.0088806,123055300,0,0.430336963,0.068025568,37.9172376,25.6845775,-0.101137415,-3.323902735,162.8162459,163.0263454,-23320800,172.1073469,154.5726523,31453209.06,158.1499939
6,5/3/2022,158.1499939,160.7100067,159.4799957,158.5197296,88966500,0.1779,0.349410774,0.126767677,40.76172009,34.00872576,-0.046849375,-3.290212161,162.3714125,162.4219605,65645700,171.3827481,154.1286785,28316187.97,159.6699982
7,5/4/2022,159.6699982,166.4799957,166.0200043,165.0203552,108256500,0.5829,0.438118295,0.087215164,51.13572091,69.82477457,-0.011253813,-2.704611033,162.8578914,162.1701941,173902200,170.2135034,154.6722104,42070000.08,163.8500061
8,5/5/2022,163.8500061,164.0800018,156.7700043,155.8260651,130525300,0,0.355361614,0.085337502,40.36789467,19.16758517,-0.017521065,-2.952876691,162.0461731,161.5531637,43376900,169.9447799,153.7237927,-11157167.22,156.0099945
9,5/6/2022,156.0099945,159.4400024,157.2799988,156.5626831,116124600,0.4588,0.370703704,-0.000615937,41.10426444,21.96054607,-0.001804374,-3.073052482,161.4106832,161.0052622,159501500,169.4922596,153.0634546,-341624.0444,154.9299927
10,5/9/2022,154.9299927,155.8300018,152.0599976,151.3664856,131577900,0.9349,0.459927506,0.104606095,36.17967267,2.844272736,-0.103189861,-3.548597118,160.1639251,160.0591874,27923600,168.9138186,151.4504675,-33357897.28,155.5200043
11,5/10/2022,155.5200043,156.7400055,154.5099945,153.8052979,115366700,0,0.417323748,0.10084261,39.82375405,15.06981051,-0.104551671,-3.685293618,159.4100677,159.3299234,143290300,167.5161711,151.030972,-19225675.31,153.5
12,5/11/2022,153.5,155.4499969,146.5,145.8318481,142689800,0.1531,0.521027738,0.171374459,33.15775156,3.127844596,-0.133019081,-4.389368289,157.6887254,157.9465809,600500,167.4355385,148.2658906,-44335927.22,142.7700043
13,5/12/2022,142.7700043,146.1999969,142.5599976,141.9098053,182602000,0.6249,0.452822425,0.153225323,30.45714441,13.58379878,-0.077622828,-5.205274641,155.6715617,155.9791461,-182001500,168.5887119,144.365575,-10733708.87,144.5899963
14,5/13/2022,144.5899963,148.1000061,147.1100006,146.4390564,113990900,0.7089,0.478806726,0.186086816,36.85340512,30.02167542,-0.085903077,-5.422234934,154.5300202,155.0043727,-68010600,167.7994466,142.9019825,24924441.1,145.5500031
15,5/16/2022,145.5500031,147.5200043,145.5399933,144.8762054,86643800,0.6369,0.493973408,0.296277056,35.63545197,24.34968215,-0.040901062,-5.655668968,153.3313499,154.3250954,-154654400,167.9361022,141.1567541,10250306.19,148.8600006
16,5/17/2022,148.8600006,149.7700043,149.2400055,148.5593567,78336300,0.743,0.43682804,0.151093502,40.61633265,37.71678181,0.013621158,-5.478949143,152.7858373,153.9033121,-76318100,167.6266089,140.4191043,24807826.06,146.8500061
17,5/18/2022,146.8500061,147.3600006,140.8200073,140.1777496,109742900,-0.3612,0.417405022,0.136185035,34.14141243,7.297705227,-0.089783979,-5.949736039,151.1903933,152.4982654,-186061000,166.4574681,138.3282462,-14172479.13,139.8800049
18,5/19/2022,139.8800049,141.6600037,137.3500061,136.723587,136095600,0.296,0.388910045,0.110701102,31.88546594,2.510041032,-0.074993605,-6.527592126,149.3450084,150.7333617,-322156600,166.6323577,135.2533583,-32991252.13,139.0899963
19,5/20/2022,139.0899963,140.6999969,137.5899963,136.9624786,137426100,0.4939,0.431423611,0.131881313,32.21904869,14.70326674,-0.120761932,-6.886795342,147.7776734,149.1842889,-184730500,166.0578953,132.9178193,2882938.672,137.7899933
20,5/23/2022,137.7899933,143.2599945,143.1100006,142.4573059,117726300,0.6705,0.465773116,0.087530756,39.5519619,31.00089021,-0.076364105,-6.649398143,147.1553171,148.1402884,-67004200,164.1991493,132.4379945,42644650.69,140.8099976
21,5/24/2022,140.8099976,141.9700012,140.3600006,139.7198486,104132700,0.6486,0.451937622,0.115371573,37.38220176,24.62662758,-0.113304656,-6.606999789,146.2492749,146.6325041,-171136900,159.4211764,133.5502526,29718559.69,138.4299927
22,5/25/2022,138.4299927,141.7899933,140.5200043,139.8791199,92482700,0.8514,0.377404401,0.06144143,37.59670465,29.48193486,-0.05410086,-6.485724436,145.4853721,145.3379124,-78654200,157.2366162,133.4133842,19350948.56,137.3899994
23,5/26/2022,137.3899994,144.3399963,143.7799988,143.1242523,90601500,0.2023,0.349990789,0.144445058,41.95925026,46.29090721,-0.020933639,-6.056740203,145.257989,144.3161135,11947300,154.2609348,134.4604942,29932035.38,145.3899994
24,5/27/2022,145.3899994,149.6799927,149.6399994,148.9575195,90978500,0,0.441132138,0.105868481,48.87769336,70.57602708,0.095088875,-5.184154327,145.8422571,143.8116583,102925800,153.6176559,134.7580591,35619968.62,149.0700073
25,5/31/2022,149.0700073,150.6600037,148.8399963,148.1611786,103718400,0.6369,0.390059524,0.168705357,48.03587245,71.05953735,0.111266666,-4.505243651,146.2419556,143.3429491,-792600,151.7832751,135.7824402,7839788.768,149.8999939
26,6/1/2022,149.8999939,151.7400055,148.7100067,148.0317841,74286600,0,0.471398637,0.170885143,47.89153816,84.16101408,0.172685139,-3.932361311,146.5710291,143.0827858,-75079200,152.2313028,135.6501277,-17436049.7,147.8300018
27,6/2/2022,147.8300018,151.2700043,151.2100067,150.5203705,72348100,0,0.437861502,0.154495851,50.94440849,97.22948958,0.234067533,-3.239278437,147.1895595,143.499749,-2731100,153.6006997,135.5164464,7845957.638,146.8999939
28,6/3/2022,146.8999939,147.9700012,145.3800049,144.7169495,88570300,0.7269,0.436128936,0.081069943,44.41015788,66.75379515,0.158186699,-3.124421307,146.9482855,143.4409485,-91301400,153.3810526,135.4889512,-18326436.24,147.0299988
29,6/6/2022,147.0299988,148.5700073,146.1399994,145.4734955,71598400,0,0.434920635,0.109259259,45.39342306,70.72658299,0.154713114,-2.938201244,146.840514,143.4569368,-19703000,153.4503838,135.5053352,-21345849.27,144.3500061
30,6/7/2022,144.3500061,149,148.7100067,148.0317841,67808200,0.875,0.41912033,0.153018919,48.69801602,84.16101408,0.162040554,-2.553803729,147.0897797,143.3527325,48105200,153.335983,135.5440219,5767888.163,148.5800018
31,6/8/2022,148.5800018,149.8699951,147.9600067,147.2851868,53950200,0.3818,0.395004557,0.072898471,47.78912116,80.24047144,0.208249394,-2.283363469,147.20581,143.6187521,-5845000,153.7757652,136.1242396,-12729186.99,147.0800018
32,6/9/2022,147.0800018,147.9499969,142.6399994,141.9894562,69473000,0.6124,0.422073971,0.084711571,41.82587104,52.4307173,0.243041775,-2.469846887,146.5970352,144.22119,-75318000,153.2237282,137.4319899,-30303632.67,140.2799988
33,6/10/2022,140.2799988,140.7599945,137.1300049,136.5045929,91437900,0.4939,0.4733244,0.124389129,36.71576222,0.476888872,0.151741283,-3.027349447,145.3347645,144.6055638,-166755900,153.3221316,137.2678735,-41523427.3,132.8699951
34,6/13/2022,132.8699951,135.1999969,131.8800049,131.2785187,122207100,-0.3374,0.46400494,0.088829273,32.62563389,2.167499386,-0.020608998,-3.848442912,143.5407966,143.7230255,-288963000,155.0718374,133.9138825,-44129059.24,133.1300049
35,6/14/2022,133.1300049,133.8899994,132.7599945,132.1544952,84784300,0.8934,0.392295492,0.123432602,33.95374831,6.50242299,-0.043594064,-4.377694256,142.1033563,143.2680595,-204178700,155.9993718,131.900633,-9720797.685,134.2899933
36,6/15/2022,134.2899933,137.3399963,135.4299927,134.8123169,91533000,0,0.50926779,0.164741274,37.95041367,19.65512135,-0.043938659,-4.529470307,141.2135745,142.8617381,-112645700,156.3158185,130.8570418,11206453.57,132.0800018
37,6/16/2022,132.0800018,132.3899994,130.0599976,129.4668121,108123900,0,0.386325375,0.103784053,33.55272018,4.493408476,-0.143046347,-5.025140951,139.7264309,141.8233453,-220769600,157.1136889,128.0991712,-2350673.511,130.0700073
38,6/17/2022,130.0700073,133.0800018,131.5599976,130.9599762,134520300,0.7425,0.491506239,0.179509061,35.79096026,11.10133444,-0.20270653,-5.236562214,138.6375731,140.2269927,-86249300,156.2989499,126.3310528,8780485.893,133.4199982
39,6/21/2022,133.4199982,137.0599976,135.8699951,135.2503052,81000500,0,0.500080167,0.161002886,41.85184279,30.08809761,-0.186231056,-4.998712261,138.2685627,139.1732631,-5248800,154.9960293,125.7811161,18897325.93,134.7899933
40,6/22/2022,134.7899933,137.7599945,135.3500061,134.7326965,73409200,-0.3182,0.582598784,0.160106383,41.34477947,28.38510886,-0.171417679,-4.796877807,137.8794218,138.3350296,-78658000,153.47722,125.3913539,6061413.716,136.8200073
41,6/23/2022,136.8200073,138.5899963,138.2700043,137.6393738,72433800,0,0.429172078,0.128436147,45.34900715,44.31113862,-0.182642895,-4.351145799,137.9314995,137.601043,-6224200,150.9420059,126.0779962,24208186.36,139.8999939
42,6/24/2022,139.8999939,141.9100037,141.6600037,141.0139313,89116800,-0.4404,0.459296959,0.130728831,49.64675818,60.5857382,-0.091396782,-3.681912556,138.4286334,137.2499733,82892600,150.2285467,126.2600266,33097318.04,142.6999969
43,6/27/2022,142.6999969,143.4900055,141.6600037,141.0139313,70207900,0,0.494636364,0.233590909,49.64675818,60.5857382,-0.098563639,-3.115625398,138.8594828,136.9783924,153100500,149.2703997,126.5781743,1889011.024,142.1300049
44,6/28/2022,142.1300049,143.4199982,137.4400024,136.8131714,67083400,0,0.607979798,0.082393939,44.584865,40.32649264,-0.201350058,-2.973085696,138.6702187,136.5352755,86017100,146.7614616,127.4771117,-21449050.81,137.4600067
45,6/29/2022,137.4600067,140.6699982,139.2299957,138.5950012,66242400,0.891,0.40388483,0.097764851,47.05092678,53.88683484,-0.158301528,-2.684736485,138.7448556,136.1358328,152259500,144.184119,128.80731,-2639997.222,137.25
46,6/30/2022,137.25,138.3699951,136.7200012,136.0964508,98964500,0.3612,0.344017094,0.103418803,44.0881209,53.14879894,-0.07893719,-2.628454056,138.4748751,135.6903272,53295000,142.9738973,129.1718176,8292065.771,136.0399933
47,7/1/2022,136.0399933,139.0399933,138.9299927,138.2963562,71051600,-0.2732,0.511186869,0.10174032,47.23844413,68.44284453,0.045218192,-2.378108628,138.5355574,135.6214187,124346600,143.2421151,129.1607409,24247260.63,137.7700043
48,7/5/2022,137.7700043,141.6100006,141.5599976,140.9143829,73353800,0,0.28795045,0.026433251,50.79180341,86.64355499,0.18703323,-1.945067136,138.9388161,136.1828717,197700400,144.0011211,129.784591,30275358.84,141.3500061
49,7/6/2022,141.3500061,144.1199951,142.9199982,142.268158,74064300,0.6486,0.585797536,0.138990176,52.57063988,92.04246152,0.197553796,-1.475133529,139.4696404,136.8468815,271764700,144.9615682,130.275573,12109243.65,143.2899933
50,7/7/2022,143.2899933,146.5500031,146.3500061,145.6825409,66253700,0,0.501527247,0.15059683,56.81108612,98.85781361,0.231687966,-0.816522423,140.3870225,137.4904528,338018400,146.8779435,129.9191996,17117643.31,145.2599945
51,7/8/2022,145.2599945,147.5500031,147.0399933,146.3693695,64547800,0,0.498975967,0.163876698,57.63169455,97.12508677,0.314341996,-0.236169759,141.2740852,138.7058564,402566200,147.8263481,131.3965087,11430915.27,145.6699982
52,7/11/2022,145.6699982,146.6399994,144.8699951,144.2092743,63141600,0.9773,0.363330196,0.092771901,54.1471779,81.16648813,0.312365977,0.048108625,141.7535399,140.0397784,339424600,147.8593074,133.2649776,-9034081.057,145.7599945
53,7/12/2022,145.7599945,148.4499969,145.8600006,145.1947479,77588800,-0.128,0.513169876,0.121204657,55.46998618,82.35696437,0.245201437,0.349260405,142.301068,140.8885655,417013400,148.5517537,133.999675,-24732591.57,142.9900055
54,7/13/2022,142.9900055,146.4499969,145.4900055,144.8264465,71185600,0.7003,0.571224146,0.26979317,54.83331034,79.83656041,0.302418729,0.551710077,142.7262597,141.5257027,345827800,148.7737855,135.2262145,-3375070.926,144.0800018
55,7/14/2022,144.0800018,148.9499969,148.4700012,147.7928619,78140700,0,0.43009434,0.146545373,58.92276887,96.83797128,0.308705806,0.941757654,143.4920919,142.2153705,423968500,149.9220448,135.5350976,13737806.67,149.7799988
56,7/15/2022,149.7799988,150.8600006,150.1699982,149.4850922,76259900,0,0.467052154,0.114268707,61.08726345,95.96253605,0.281566935,1.372230497,144.3824794,142.8757187,500228400,151.4458821,135.2269739,10490226.72,150.7400055
57,7/18/2022,150.7400055,151.5700073,147.0700073,146.3992615,81420900,0.296,0.416310039,0.118554765,55.35879024,74.71910546,0.242273028,1.446564873,144.7408164,143.3734028,418807500,151.9900034,135.4557102,-25438129.33,147.9199982
58,7/19/2022,147.9199982,151.2299957,151,150.3113098,82982400,0,0.454986343,0.145902649,60.42543421,96.79771221,0.371185173,1.801822676,145.5753742,144.1322055,501789900,152.9645986,136.4182575,7738533.097,151.1199951
59,7/20/2022,151.1199951,153.7200012,153.0399933,152.3420105,64823400,-0.3612,0.494102734,0.113436949,62.78649255,96.5914384,0.390811642,2.222359477,146.5706568,144.9790306,566613300,154.3924985,136.9632144,9267401.779,154.5
60,7/21/2022,154.5,155.5700073,155.3500061,154.6414795,65086600,-0.128,0.458900227,0.126587302,65.31032828,98.8950217,0.432864087,2.71078837,147.7412367,146.4306957,631699900,155.5328815,138.4842606,14997336.32,155.3899994
61,7/22/2022,155.3899994,156.2799988,154.0899963,153.3872223,66675400,0.25,0.376476681,0.048760062,62.8081365,88.6821615,0.33379844,2.962054805,148.587738,147.5763907,565024500,156.0698023,140.1130546,-13383066.45,154.0099945
62,7/25/2022,154.0099945,155.0399933,152.9499969,152.2524261,53623900,0,0.361862991,0.053247703,60.54790343,78.09208882,0.239671734,3.034220239,149.1693725,148.4557295,511400600,156.3590513,141.4509484,-21393009.99,152.2599945
63,7/26/2022,152.2599945,153.0899963,151.6000061,150.9085846,55138700,0,0.47414632,0.055991396,57.89109658,66.94921281,0.211053436,2.948490523,149.493457,149.0885486,456261900,156.2974508,142.75255,-19232767.72,152.5800018
64,7/27/2022,152.5800018,157.3300018,156.7899933,156.0749054,78620700,-0.6908,0.46066275,0.178172026,64.36489359,96.44964953,0.212521176,3.261738407,150.4663285,149.8474345,534882600,157.7434373,142.7979903,8475422.259,156.9799957
65,7/28/2022,156.9799957,157.6399994,157.3500061,156.63237,81378700,0,0.420626653,0.098402364,64.99033901,98.13148707,0.237078739,3.514663117,151.3841522,150.6032047,616261300,159.0699648,142.9443218,20493984.5,161.2400055
66,7/29/2022,161.2400055,163.6300049,162.5099945,161.7688141,101786900,0.0018,0.477549842,0.183530396,70.18321154,94.79307361,0.287750666,4.084393368,152.8675978,152.0485546,718048200,161.5246717,143.0096148,17124721.32,161.0099945
67,8/1/2022,161.0099945,163.5899963,161.5099945,160.7733765,67829400,0.7269,0.412244898,0.14247449,68.07580417,90.14407525,0.29433634,4.40444535,154.0199174,153.1304584,650218800,163.0484922,143.7215077,-12301693.2,160.1000061
68,8/2/2022,160.1000061,162.4100037,160.0099945,159.2802124,59907000,0.3182,0.42578373,0.060465368,64.9265098,82.23744108,0.215582071,4.485347098,154.8185943,154.1697925,590311800,163.5770176,145.2672665,-25401508.68,160.8399963
69,8/3/2022,160.8399963,166.5899963,166.1300049,165.3723145,82507500,0,0.546864295,0.041146245,70.85143916,97.68732293,0.219106782,4.985822548,156.3267824,155.5649643,672819300,166.0029056,145.3642361,7515964.975,166.0099945
70,8/4/2022,166.0099945,167.1900024,165.8099976,165.053772,55474100,-0.1779,0.45144701,0.139816819,70.18381262,93.2649853,0.18687623,5.295586802,157.5912111,156.5800412,617345200,167.8510306,145.7503967,-1817876.032,163.2100067
71,8/5/2022,163.2100067,165.8500061,165.3500061,164.8245087,56697000,0,0.439434889,0.121334971,69.17477536,90.92703921,0.300468705,5.441236552,158.6257171,157.7362953,560648200,168.5524602,147.6603956,6239155.411,166.3699951
72,8/8/2022,166.3699951,167.8099976,164.8699951,164.3460236,60276900,0.9246,0.493044077,0.143292011,68.0749003,83.1421902,0.1896833,5.455049735,159.4582875,158.9379589,500371300,169.2870794,148.9072043,-14802096.15,164.0200043
73,8/9/2022,164.0200043,165.8200073,164.9199982,164.3958588,63135500,-0.34,0.523964434,0.056666454,68.1317442,83.00999222,0.169358365,5.407695068,160.1865156,159.7677957,563506800,169.9536742,149.9377529,-3985630.468,167.6799927
74,8/10/2022,167.6799927,169.3399963,169.2400055,168.7021484,70170500,0,0.361647173,0.062475634,72.66082178,99.46067486,0.176031593,5.653583647,161.3936476,160.7843718,633677300,171.6555312,150.2201816,15280033.04,170.0599976
75,8/11/2022,170.0599976,170.9900055,168.4900055,167.9545288,57149200,-0.128,0.413157895,0.168530702,70.78010191,87.61763399,0.167400058,5.721974031,162.3398286,161.7328448,576528100,172.6216788,151.3111781,-13011984.23,169.8200073
76,8/12/2022,169.8200073,172.1699982,172.1000061,171.5530548,68039400,0.8261,0.417625313,0.180344612,74.23674988,99.67247505,0.261102047,5.998325816,163.6411856,162.8718727,644567500,173.9249712,152.7436013,11439038.45,171.5200043
77,8/15/2022,171.5200043,173.3899994,173.1900024,172.6395874,54091700,0,0.379411462,0.06743455,75.19105488,99.05795107,0.324183029,6.233435033,164.9143612,164.0602873,698659200,174.4190563,155.3338014,13683290.33,172.7799988
78,8/16/2022,172.7799988,173.7100067,173.0299988,172.4800873,56377100,0.3818,0.445840271,0.086911699,74.75332456,96.47664338,0.285661807,6.333837289,165.9964462,165.3134698,642282100,175.3095538,156.7633048,5558730.792,172.7700043
79,8/17/2022,172.7700043,176.1499939,174.5500031,173.9952698,79542000,0.8258,0.291869563,0.050287558,76.17244576,90.39044185,0.223711878,6.461573446,167.1369205,166.8617896,721824100,176.1590355,158.3709655,-1621440.11,173.75
80,8/18/2022,173.75,174.8999939,174.1499939,173.5965271,62290100,0.3612,0.306249098,0.087210047,74.97802026,87.89345442,0.192434784,6.456105904,168.0719969,167.9309152,659534000,177.2300205,158.9628375,-3980159.711,173.0299988
81,8/19/2022,173.0299988,173.7400055,171.5200043,170.9748993,70346300,0.4118,0.433194444,0.156407828,67.48530594,71.97340979,0.167888763,6.168448619,168.5317312,168.7145362,589187700,177.3162403,160.3066191,-26215083.46,169.6900024
82,8/22/2022,169.6900024,169.8600006,167.5700073,167.0374603,69026800,0,0.376819728,0.111717687,58.09515583,44.2857794,0.16214051,5.55768092,168.4035014,169.2060912,520160900,176.3851203,162.3177409,-29432589.27,167.0800018
83,8/23/2022,167.0800018,168.7100067,167.2299957,166.6985321,54147100,0.4215,0.403064987,0.097266599,57.35534807,32.16728282,0.061123326,4.988700391,168.247034,169.5463851,466013800,176.3415082,162.5184946,-20581508.74,167.3200073
84,8/24/2022,167.3200073,168.1100006,167.5299988,166.9975739,53841500,0.383,0.518378685,0.123755669,57.86519125,34.44867591,0.084391411,4.509998507,168.1514293,169.6448212,519855300,176.260754,162.8449633,-1115202.273,168.7799988
85,8/25/2022,168.7799988,170.1399994,170.0299988,169.489624,51218200,0.5267,0.428210678,0.157575758,61.94791098,52.55815494,0.094259921,4.282981377,168.4019052,169.956889,571073500,176.17738,163.5969076,14796138.05,170.5700073
86,8/26/2022,170.5700073,171.0500031,163.6199951,163.0999908,78961000,0.6486,0.33394221,0.05617895,48.87200831,2.86818056,0.047482104,3.544970726,167.7643172,169.9058117,492112500,176.3982588,163.1974574,-19054966.99,161.1499939
87,8/29/2022,161.1499939,162.8999939,161.3800049,160.8671265,73314000,-0.4404,0.374909699,0.084890799,45.27550206,9.552962899,0.026951873,2.747670046,166.9130755,169.5774339,418798500,177.0787377,162.0112651,-6146408.898,162.1300049
88,8/30/2022,162.1300049,162.5599976,158.9100037,158.4049835,77906200,-0.743,0.363533172,0.116301092,41.63689857,6.456879622,-0.088054605,1.894654658,165.8459993,168.8148368,340892300,178.1274481,159.4868403,-13208883.37,160.3099976
89,8/31/2022,160.3099976,160.5800018,157.2200012,156.7203369,87991100,-0.1531,0.372222222,0.079861111,39.30913032,0.420840895,-0.126769883,1.069931243,164.6958662,167.8038541,252901200,179.0749829,156.9293048,-28993219.09,156.6399994
90,9/1/2022,156.6399994,158.4199982,157.9600067,157.4579926,74229900,0.4767,0.43365013,0.115793817,40.86802245,15.31661638,-0.13503574,0.470619248,163.7977516,166.7083281,327131100,178.9312492,155.0530386,11704526.48,159.75
91,9/2/2022,159.75,160.3600006,155.8099976,155.3148193,76957800,0.5423,0.391774892,0.079076954,37.82787467,5.307260784,-0.231676026,-0.175801072,162.7327177,165.6064538,250173300,178.4443436,153.0570864,-7389151.472,156.4700012
92,9/6/2022,156.4700012,157.0899963,154.5299988,154.0388794,73714800,0,0.407632198,0.085260729,36.10583786,3.739967308,-0.284803029,-0.782360471,161.6390219,164.4068577,176458500,177.657166,151.2014068,-9539387.02,154.8200073
93,9/7/2022,154.8200073,156.6699982,155.9600067,155.4643555,87449600,0.4404,0.401010101,0.196766912,39.42361649,11.03807818,-0.243772102,-1.134594576,160.8818199,162.8099044,263908100,175.7169951,150.4858639,17226363.29,154.6399994
94,9/8/2022,154.6399994,156.3600006,154.4600067,153.9691162,84923800,0.3182,0.420817962,0.111326307,37.23925408,8.452103299,-0.250724301,-1.517289735,160.0255781,161.4230885,178984300,173.4295005,149.9605032,10816156.82,155.4700012
95,9/9/2022,155.4700012,157.8200073,157.3699951,156.8698578,68028800,-0.6124,0.438551146,0.155945203,43.75060056,25.53075554,-0.146256395,-1.567695246,159.6715004,160.35327,247013100,171.2377967,150.1307771,23391265.2,159.5899963
96,9/12/2022,159.5899963,164.2599945,163.4299927,162.9105988,104956000,0,0.472628161,0.198501367,54.36799862,58.51929193,-0.029531075,-1.105902661,160.1726327,160.034959,351969100,170.3702617,150.4068815,33327837.25,159.8999939
97,9/13/2022,159.8999939,160.5399933,153.8399963,153.3510742,122656600,0,0.394628167,0.160706104,41.13536609,6.314659809,-0.102009102,-1.496510428,159.3282812,159.2187859,229312500,169.1714839,149.6928023,-21766030.83,154.7899933
98,9/14/2022,154.7899933,157.1000061,155.3099976,154.8164063,87965400,0.6801,0.43355216,0.11105311,43.40906882,14.3168394,-0.118570928,-1.668222849,158.79251,158.5440558,317277900,167.386875,149.7316967,-9137010.498,154.6499939
99,9/15/2022,154.6499939,155.2400055,152.3699951,151.8857422,90481100,0.8935,0.464833306,0.115139433,40.07505042,5.032996068,-0.18946975,-2.018274396,157.9361747,157.6500779,226796800,163.9995708,150.5961433,-16440033.01,151.2100067
100,9/16/2022,151.2100067,151.3500061,150.6999969,150.2210541,162278800,-0.2247,0.419520238,0.137565227,38.27669732,14.66332234,-0.044152608,-2.402750255,156.971351,156.1698622,64518000,162.8960517,149.8539483,25197822.27,149.3099976
101,9/19/2022,149.3099976,154.5599976,154.4799957,153.9890289,81474200,0,0.417585099,0.088496582,44.36263868,38.45186183,0.017122733,-2.375057646,156.6391703,155.6526028,145992200,161.8337241,149.9305603,35995744.83,153.3999939
102,9/20/2022,153.3999939,158.0800018,156.8999939,156.4013519,107689800,0.7783,0.35489899,0.09842803,47.90415887,53.68155511,0.090319948,-2.133246687,156.6739468,155.4404497,253682000,161.484479,149.9926612,30068589.69,157.3399963
103,9/21/2022,157.3399963,158.7400055,153.7200012,153.2314606,101696800,0.7717,0.429017912,0.197856858,43.94562296,33.6690139,0.079532507,-2.173157782,156.2800874,155.242906,151985200,161.2594111,149.717729,-24028692.65,152.3800049
104,9/22/2022,152.3800049,154.4700012,152.7400055,152.2545776,86652500,0.1058,0.44341252,0.163092343,42.77259145,27.50163967,0.038712776,-2.257838125,155.8080765,154.9800363,65332700,160.8741704,149.3572553,-12353200.09,151.1900024
105,9/23/2022,151.1900024,151.4700012,150.4299927,149.9519043,96029900,0.25,0.449353741,0.178195733,40.05827085,12.96411352,0.097431306,-2.482727301,155.0909986,154.520927,-30697200,160.9527242,148.5101293,1486473.814,149.6600037
106,9/26/2022,149.6600037,153.7700043,150.7700043,150.2908325,93339400,0,0.44096912,0.118116979,40.65522651,15.10389709,0.092427452,-2.603505903,154.514866,154.2775032,62642200,161.0117568,147.9139547,-15148965.04,152.7400055
107,9/27/2022,152.7400055,154.7200012,151.7599945,151.2776947,84442700,0.2263,0.368448537,0.132325894,42.45228721,21.33416941,0.043652409,-2.589489851,154.1475498,154.0738458,147084900,160.7942167,147.5314931,-13607730.13,147.6399994
108,9/28/2022,147.6399994,150.6399994,149.8399963,149.3637848,146691400,0,0.410056958,0.095647306,39.92705055,25.74665536,0.117758922,-2.702161004,153.5732094,153.4724531,393500,160.8223679,146.8433404,28536288.9,146.1000061
109,9/29/2022,146.1000061,146.7200012,142.4799957,142.0271759,128138200,-0.1779,0.282919172,0.070902151,32.05542757,7.633600136,0.046211006,-3.346764822,152.0941142,152.4552032,-127744700,161.5771689,143.9613965,-7086440.288,141.2799988
110,9/30/2022,141.2799988,143.1000061,138.1999969,137.7607727,124925300,-0.1779,0.366359541,0.095403358,28.53261809,0.887298171,-0.076525415,-4.155080938,150.2415652,150.7242006,-252670000,160.5985073,141.3357731,-41176101.77,138.2100067
111,10/3/2022,138.2100067,143.0700073,142.4499969,141.9972687,114311700,0.34,0.471589805,0.069960906,36.04831941,22.61279723,0.052217423,-4.401994351,149.2026895,149.568595,-138358300,160.5691226,139.7380151,13241510.88,145.0299988
112,10/4/2022,145.0299988,146.2200012,146.1000061,145.6356812,87830100,0.2732,0.447477553,0.122690797,41.71713393,39.95250567,0.104908409,-4.254111032,148.7889984,148.9957548,-50528200,159.6864212,139.3050033,30834971.41,144.0700073
113,10/5/2022,144.0700073,147.3800049,146.3999939,145.9347076,79471000,0,0.416110322,0.132919034,42.17084714,41.37762562,0.164475401,-4.065837484,148.4704644,148.5729132,28942800,159.2428223,138.895745,24649912.91,145.8099976
114,10/6/2022,145.8099976,147.5399933,145.4299927,144.967804,68402200,0.2732,0.316919192,0.111973906,41.05785982,36.76954448,0.070217415,-3.949374404,148.0650682,148.2688897,-39459400,158.9864664,138.3992431,-11890563.19,142.5399933
115,10/7/2022,142.5399933,143.1000061,140.0899963,139.6447754,85925600,0.97,0.466638819,0.123618073,35.50274338,11.40139453,-0.025967284,-4.239103898,147.0017253,147.5595555,-125385000,158.3096724,137.0203229,-25685875.2,140.4199982
116,10/10/2022,140.4199982,141.8899994,140.4199982,139.9737244,74899000,-0.9792,0.428214397,0.132990992,36.07832259,12.96909896,-0.061763015,-4.391466132,146.1241617,146.4993989,-50486000,156.4073512,136.568359,-8514414.968,139.8999939
117,10/11/2022,139.8999939,141.3500061,138.9799957,138.5382996,77033700,-0.0516,0.396234946,0.132323475,34.62620973,7.574828999,-0.020370799,-4.575665045,145.1716062,145.4324672,-127519700,155.188126,135.6818692,-16051179.36,139.1300049
118,10/12/2022,139.1300049,140.3600006,138.3399963,137.9003296,70433700,0,0.46894733,0.153470899,33.97176473,3.816758327,-0.066676412,-4.718890183,144.2607249,144.6165662,-197953400,153.8947153,134.9181357,-23811004.17,134.9900055
119,10/13/2022,134.9900055,143.5899963,142.9900055,142.5355835,113224000,0,0.393424546,0.126426445,42.47840473,42.35876064,-0.013124729,-4.406386183,144.0912956,143.8615658,-84729400,152.76907,134.9809256,25259880.16,144.3099976
120,10/14/2022,144.3099976,144.5200043,138.3800049,137.9402161,88598000,0.1027,0.38333455,0.132603444,37.34201498,19.70520178,-0.043682043,-4.479080976,143.3297902,143.1080681,-173327400,151.4170717,134.5629241,-14797028.01,141.0700073
121,10/17/2022,141.0700073,142.8999939,142.4100037,141.9574127,85250900,-0.5106,0.418984259,0.139417668,43.74575494,49.4161428,0.011240827,-4.163510544,143.207152,142.4617679,-88076500,149.2034536,135.4408291,13677110.57,145.4900055
122,10/18/2022,145.4900055,146.6999969,143.75,143.2931519,99136600,0.2263,0.46819383,0.099503277,45.73178661,71.2225223,-0.067827243,-3.761927045,143.2795317,141.8795128,11060100,147.4576019,136.3166814,8048449.211,141.6900024
123,10/19/2022,141.6900024,144.9499969,143.8600006,143.4028015,61758300,0.7269,0.389106188,0.172184237,45.90063588,72.05775864,-0.010975101,-3.395650156,143.3569276,141.810477,72818400,147.6428142,136.3286126,11263654.48,143.0200043
124,10/20/2022,143.0200043,145.8899994,143.3899994,142.9342957,64522000,0.743,0.455059233,0.077423428,45.25276661,68.48903209,0.056855327,-3.107477192,143.3613372,142.1479312,8296400,147.6405313,137.0723244,-6830544.295,142.8699951
125,10/21/2022,142.8699951,147.8500061,147.2700043,146.8019714,86548600,0.5574,0.420621823,0.10320535,51.35669866,95.6973193,0.04010667,-2.536771748,143.8824928,142.5415992,94845000,148.5610198,136.8404084,18935190,147.1900024
126,10/24/2022,147.1900024,150.2299957,149.4499969,148.9750214,75981900,0.6369,0.395437351,0.131183497,54.43085426,95.0819751,0.014787697,-1.886826223,144.6248267,142.7140824,170826900,149.5602531,136.3197452,21619356.33,150.0899963
127,10/25/2022,150.0899963,152.4900055,152.3399963,151.8558502,74732300,0,0.406980945,0.143045362,58.20209868,99.17213538,0.035926882,-1.12556609,145.653516,143.0867479,245559200,151.4223829,135.3061872,26991195.73,150.9600067
128,10/26/2022,150.9600067,151.9900055,149.3500061,148.875351,88194300,0.7717,0.424591571,0.09497207,53.28845537,82.67109497,0.058272159,-0.754827985,146.1463813,143.4251399,157364900,152.2254846,135.0630874,-4212756.443,148.0700073
129,10/27/2022,148.0700073,149.0500031,144.8000031,144.3398132,109180200,0.7056,0.420815234,0.088428683,46.81185062,57.56071723,0.036889907,-0.818724837,145.9668642,143.8518964,48184700,152.3447113,135.6167188,-32424191.81,148.1999969
130,10/28/2022,148.1999969,157.5,155.7400055,155.2450562,164762400,0,0.413621083,0.091185743,59.5436854,92.39085977,0.110706413,0.013250473,147.2699497,145.3502276,212947100,155.1275099,135.0224927,17621146.97,153.1600037
131,10/31/2022,153.1600037,154.2400055,153.3399963,152.8526611,97943200,-0.8271,0.358822642,0.129167446,56.35654888,82.01468749,0.156995317,0.473478255,148.0792893,146.299208,115003900,156.384087,135.8173443,10116098.57,155.0800018
132,11/1/2022,155.0800018,155.4499969,150.6499939,150.1712036,80379300,0,0.431789594,0.139458262,52.93640882,70.38476153,0.169110501,0.614072725,148.4220499,147.0393902,34624600,156.5382468,137.4217556,-14131896.68,148.9499969
133,11/2/2022,148.9499969,152.1699982,145.0299988,144.5690765,93604600,0.6303,0.479686319,0.120332577,46.57671377,35.42204662,0.021154817,0.268908409,147.9697764,147.6650262,-58980000,156.4965725,137.7548575,-39027577.58,142.0599976
134,11/3/2022,142.0599976,142.8000031,138.8800049,138.4386292,97918500,0,0.391823406,0.091144201,40.8001799,0.693359375,0.014474628,-0.495181761,146.7578069,147.5950233,-156898500,156.4015874,137.9212711,-45285835.08,142.0899963
135,11/4/2022,142.0899963,142.6699982,138.3800049,138.1690369,140814800,0.1078,0.446666667,0.068298368,40.36190147,17.30104172,-0.029865365,-1.128070848,145.6407666,146.999668,-297713300,156.9050816,136.8420628,-16140774.56,137.1100006
136,11/7/2022,137.1100006,139.1499939,138.9199982,138.7082062,83374600,0.6124,0.38015628,0.099780215,41.09780777,19.63665331,0.022259753,-1.567992226,144.7446641,146.6744993,-214338700,157.272945,135.7841992,21838597.68,140.4100037
137,11/8/2022,140.4100037,141.4299927,139.5,139.2873383,89908500,0.2732,0.37165558,0.063149791,41.92670537,22.14531228,0.006282394,-1.848523163,144.0453756,146.3425054,-124430200,157.4924913,134.9417956,12949428.89,138.5
138,11/9/2022,138.5,138.5500031,134.8699951,134.6643829,74917800,0,0.439041733,-0.006485912,37.40190041,2.119335371,-0.015318697,-2.416591686,142.8219915,145.8846116,-199348000,158.2638602,132.9532833,-12911688.31,141.2400055
139,11/10/2022,141.2400055,146.8699951,146.8699951,146.6460876,118854000,-0.2716,0.427631421,0.112524841,51.89301389,54.02246052,0.022153291,-1.876855154,143.3617253,145.7564486,-80494000,158.2219541,132.9380452,35966280.61,145.8200073
140,11/11/2022,145.8200073,150.0099945,149.6999969,149.4717712,93979700,-0.1621,0.456108189,0.188290938,54.56434404,66.26295545,0.047206992,-1.206840856,144.2068282,145.7566864,13485700,158.262313,132.9334006,41490458.27,148.9700012
141,11/14/2022,148.9700012,150.2799988,148.2799988,148.0539398,73374100,0,0.33462001,0.092392865,52.97479315,60.12109356,-0.021803366,-0.781423915,144.7499176,145.608722,-59888400,157.5193225,133.0963914,3942632.173,152.2200012
142,11/15/2022,152.2200012,153.5899963,150.0399933,149.8112488,89868300,0.4215,0.403914141,0.080992618,54.73489282,67.73352816,-0.026950579,-0.298816506,145.455261,145.6734409,29979900,157.6388326,133.0754509,-14123440.29,149.1300049
143,11/16/2022,149.1300049,149.8699951,148.7899933,148.5631561,64218300,-0.1531,0.473860931,0.097851732,53.21155617,62.32695262,0.038072782,-0.017015071,145.899892,145.7879807,-34238400,158.0434852,133.2407969,-5136310.629,146.4299927
144,11/17/2022,146.4299927,151.4799957,150.7200012,150.4902344,80389400,0.9623,0.517674513,0.157476927,55.28101742,77.55103223,0.003550857,0.35792418,146.5425732,145.0009667,46151000,156.7514679,133.8156707,13964963.46,152.3099976
145,11/18/2022,152.3099976,152.6999969,151.2899933,151.0593567,74829600,0.93,0.518726551,0.119415584,55.90136944,80.25626375,-0.015819409,0.693070548,147.1755626,144.7407661,120980600,156.2362445,134.0380366,1440465.95,150.1600037
146,11/21/2022,150.1600037,150.3699951,148.0099945,147.7843475,58724100,-0.1027,0.486607143,0.114021916,51.4760835,70.95260639,-0.019462213,0.686099047,147.2868202,144.4732204,62256500,155.752395,134.1447433,-17624607.26,148.1300049
147,11/22/2022,148.1300049,150.4199982,150.1799927,149.9510345,51804100,-0.6597,0.530130592,0.081854257,54.06677781,82.24880178,0.09511415,0.845923519,147.6725765,144.4478197,114060600,156.4519031,134.1809486,4989828.223,149.4499969
148,11/23/2022,149.4499969,151.8300018,151.0700073,150.8397064,58301400,-0.25,0.39825228,0.17587386,55.12502474,86.88188373,0.197521506,1.032500288,148.1255673,145.1316662,172362000,157.0769542,135.2973264,6798098.365,148.3099976
149,11/25/2022,148.3099976,148.8800049,148.1100006,147.884201,35195900,0.0516,0.441509434,0.197562893,50.92303837,71.15791722,0.226333385,0.930786391,148.1234917,146.1236741,137166100,156.8970125,136.8672676,1093087.65,145.1399994
150,11/28/2022,145.1399994,146.6399994,144.2200012,144.0001373,69246000,-0.7269,0.44247253,0.094967432,45.9643328,50.68423623,0.126956291,0.530175423,147.6030263,146.693697,67920100,156.4059945,138.1154288,-13418501.71,144.2899933
151,11/29/2022,144.2899933,144.8099976,141.1699982,140.9547882,83763800,0.3612,0.46914117,0.089902964,42.47217441,34.63158858,0.074391567,-0.033040542,146.7452892,146.9518312,-15843700,156.1532624,138.6067321,-24308548.18,141.3999939
152,11/30/2022,141.3999939,148.7200012,148.0299988,147.8043213,111380900,0.2732,0.421280434,0.115603413,51.41341728,60.53939671,0.219305563,0.073306436,146.9165838,147.5987095,95537200,153.6904877,142.9495074,19751431.15,148.2100067
153,12/1/2022,148.2100067,149.1300049,148.3099976,148.0838928,71250400,-0.3818,0.506667515,0.158358798,51.74309987,60.12082573,0.137113915,0.178127401,147.1023723,148.0005242,166787600,153.7331428,143.1125669,14443721.3,145.9600067
154,12/2/2022,145.9600067,148,147.8099976,147.5846558,65447400,0,0.392505975,0.143572725,51.07659981,56.3443879,0.11193437,0.218336107,147.1967224,147.9419056,101340200,153.5573467,143.018363,20499540.7,147.7700043
155,12/5/2022,147.7700043,150.9199982,146.6300049,146.4064636,68826400,0.5106,0.40164083,0.117441833,49.45749899,47.43204993,0.095942687,0.153220024,147.12116,147.87627,32513800,153.508279,142.8317173,-10928849.63,147.0700073
156,12/6/2022,147.0700073,147.3000031,142.9100037,142.6921387,64727200,0.1779,0.497321429,0.080654762,44.6519721,20.72874054,0.094366935,-0.196295181,146.5596725,147.3496527,-32213400,153.5229364,141.79849,-21222439.22,142.1900024
157,12/7/2022,142.1900024,143.3699951,140.9400024,140.7251434,69721100,0.3182,0.368996876,0.107933931,42.30755497,7.401595805,0.050988849,-0.625045993,145.8103832,146.8351636,-101934500,153.8563911,140.343608,-20297036.64,142.3600006
158,12/8/2022,142.3600006,143.5200043,142.6499939,142.4325256,62128300,0,0.390698337,0.090081264,45.00664034,20.86609869,0.009653553,-0.817429265,145.3889979,146.3228602,-39806200,153.3230924,139.7240485,-2710486.553,142.3399963
159,12/9/2022,142.3399963,145.5700073,142.1600037,141.9432831,76097000,-0.4019,0.518269751,0.205756223,44.36612819,18.25869254,-0.024762538,-0.997929007,144.9584654,145.6508031,-115903200,152.465476,139.2773807,-11971174.55,142.6999969
160,12/12/2022,142.6999969,144.5,144.4900055,144.2697296,70462700,0.5859,0.470440943,0.111127079,48.14526585,37.9543939,0.096503353,-0.942104681,144.8960041,145.2947944,-45440500,152.1366817,139.1033194,18765426.37,149.5
161,12/13/2022,149.5,149.9700012,145.4700012,145.24823,93886200,0.5719,0.3516064,0.101868475,49.69313168,46.23838017,-0.005771426,-0.809455141,144.972537,145.2125192,48445700,151.2902204,139.2769248,-9704040.564,145.3500061
162,12/14/2022,145.3500061,146.6600037,143.2100067,142.991684,82291200,0,0.410530303,0.075964187,46.26347214,29.39567081,-0.048254235,-0.876587341,144.737533,144.7741897,-33845500,149.86811,139.5761779,-10085423.27,141.1100006
163,12/15/2022,141.1100006,141.8000031,136.5,136.2919006,98931900,0.4019,0.514908009,0.148511905,37.8998818,3.156489187,-0.125576165,-1.454465385,143.6391952,144.0627811,-132777400,150.1988974,137.5868191,-29009845.28,136.6900024
164,12/16/2022,136.6900024,137.6499939,134.5099945,134.3049316,160156900,0,0.396217494,0.047394154,35.83102801,4.537514069,-0.169206923,-2.049390611,142.4219685,142.8318879,-292934300,151.1343437,135.2642289,-38443687.53,135.1100006
165,12/19/2022,135.1100006,135.1999969,132.3699951,132.1681976,79592600,0,0.499421738,0.158994355,33.70056875,5.357083079,-0.155807752,-2.662857442,141.0817054,142.2148177,-372526900,152.2513593,132.8900701,-19746932.78,131.3899994
166,12/20/2022,131.3899994,133.25,132.3000031,132.0983124,77432800,0,0.409260317,0.105311111,33.63013798,11.45983738,-0.212085525,-3.118731307,139.9108117,141.1621668,-449959700,151.949008,130.9452791,12020889.09,132.9799957
167,12/21/2022,132.9799957,136.8099976,135.4499969,135.2434998,85928000,0.8126,0.430205494,0.160494161,39.734491,26.43841123,-0.206380789,-3.189074779,139.3160364,140.2816059,-364031700,150.713522,130.3436221,22242057.22,134.3500061
168,12/22/2022,134.3500061,134.5599976,132.2299957,132.0284119,77852100,0.3182,0.463193164,0.154796516,36.08122719,11.12694472,-0.257419053,-3.464710647,138.371231,139.3687982,-441883800,149.5797285,129.2517011,13051688.13,130.9199982
169,12/23/2022,130.9199982,132.4199982,131.8600006,131.6589813,63814900,0,0.35998401,0.121538747,35.67533927,10.91982794,-0.186349928,-3.670696073,137.5030669,138.429059,-505698700,148.3754977,128.3459313,22555903.54,131.3800049
170,12/27/2022,131.3800049,131.4100037,130.0299988,129.8317719,69007800,0.4019,0.494433423,0.041654111,33.65855031,6.164694393,-0.152162319,-3.936232423,136.5066579,137.6225964,-574706500,147.9681039,126.9133244,11697577.55,129.6699982
171,12/28/2022,129.6699982,131.0299988,126.0400009,125.8478546,85438400,0.765,0.429868947,0.116401722,29.71430642,0.705386638,-0.191545504,-4.417706802,135.1111036,136.677348,-660144900,148.2057401,124.5471166,-18630156.6,127.9899979
172,12/29/2022,127.9899979,130.4799957,129.6100006,129.4124146,75703700,0.3818,0.45371082,0.07587376,36.84536175,15.51866432,-0.180725334,-4.45979978,134.3776232,135.91059,-584441200,147.2050447,123.6849558,4897141.042,128.4100037
173,12/30/2022,128.4100037,129.9499969,129.9299927,129.7319183,77034200,0,0.377474747,0.187045455,37.45787462,16.84643231,-0.088022868,-4.416428248,133.7846058,135.0300388,-507407000,146.0192663,123.1235898,29351746.46,130.2799988
174,1/3/2023,130.2799988,130.8999939,125.0699997,124.8793259,112117500,0,0.45356536,0.091445159,32.32939471,3.488377595,-0.207873319,-4.719809784,132.6226583,133.8044819,-619524500,144.1861824,122.1823871,-13566631.28,126.8899994
175,1/4/2023,126.8899994,128.6600037,126.3600006,126.167366,89113600,0.6908,0.366758804,0.060052138,34.87805499,9.73766966,-0.185840992,-4.800808808,131.7876373,132.3214537,-530410900,140.9718488,122.6667206,-11836998.91,127.1299973
176,1/5/2023,127.1299973,127.7699966,125.0199966,124.8293991,80962700,0,0.379865674,0.058099058,33.46798022,4.821317293,-0.223369719,-4.916454414,130.8852852,131.1387466,-611373600,137.8107114,123.2292852,-23285258.32,126.0100021
177,1/6/2023,126.0100021,130.2899933,129.6199951,129.4223938,87754700,0.2057,0.401726977,0.082955008,42.11891146,40.43025724,-0.103641877,-4.58408053,130.7165799,130.3680529,-523618900,136.5249264,123.5322123,16451949.43,130.4700012
178,1/9/2023,130.4700012,133.4100037,130.1499939,129.9515839,70790800,0,0.417800024,0.155756975,43.03792065,47.31009507,-0.07995565,-4.229154302,130.6410351,129.7199578,-452828100,135.7238759,123.7104055,-8977692.479,130.2599945
179,1/10/2023,130.2599945,131.2599945,130.7299957,130.5307007,63896200,0,0.401009338,0.108781338,44.08422183,51.89871737,-0.01048717,-3.856614754,130.6528965,129.5069363,-388931900,135.4573294,123.7426665,14099810.04,131.25
180,1/11/2023,131.25,133.5099945,133.4900055,133.286499,69458900,0.9976,0.41414966,0.258801793,48.8948469,73.73423872,0.020912527,-3.300617295,131.0311777,129.5325281,-319473000,135.7281794,123.6418168,30602255.05,133.8800049
181,1/12/2023,133.8800049,134.2599945,133.4100037,133.2066193,71379600,-0.6808,0.463062271,0.077495504,48.76388667,88.93172316,0.021180746,-2.83377479,131.3483545,129.3315173,-390852600,135.098404,123.9801646,21780713.32,132.0299988
182,1/13/2023,132.0299988,134.9199982,134.7599945,134.5545502,57809700,0.3818,0.469423186,0.085932991,51.14197425,98.51159384,0.076910709,-2.328029686,131.8032398,129.3511883,-333042900,135.7608599,123.6791371,23759886.49,134.8300018
183,1/17/2023,134.8300018,137.2899933,135.9400024,135.7327576,63646600,0,0.400516622,0.073336805,53.18726237,89.71043181,0.050072528,-1.811128705,132.3548082,129.6163442,-269396300,136.7862089,123.2366455,8769165.056,136.8200073
184,1/18/2023,136.8200073,138.6100006,135.2100067,135.0038757,69672800,-0.5046,0.476918161,0.082675222,51.74415076,76.45433988,-0.006593669,-1.443742937,132.7355013,130.0204757,-339069100,137.6664439,123.0964116,-21047886.18,134.0800018
185,1/19/2023,134.0800018,136.25,135.2700043,135.0637817,58280400,0,0.443474642,0.126882237,51.85976158,76.86983537,0.081081066,-1.134666044,133.073435,130.4964653,-280788700,138.3054051,123.7760223,-7504804.89,135.2799988
186,1/20/2023,135.2799988,138.0200043,137.8699951,137.6598053,80223600,0.2023,0.488455988,0.099909812,56.70092799,94.87530909,0.124534601,-0.672174439,133.7129764,131.057733,-200565100,139.6384568,123.6229699,18339937.79,138.1199951
187,1/23/2023,138.1199951,143.3200073,141.1100006,140.8948822,81760300,-0.2732,0.484343316,0.142761751,61.84964444,88.45950048,0.066518953,-0.043701382,134.6992463,131.9520542,-118804800,141.7255248,123.1330459,8534873.946,140.3099976
188,1/24/2023,140.3099976,143.1600037,142.5299988,142.3127136,66435100,0,0.373499097,0.117357019,63.87700441,95.74348963,0.18750136,0.562466268,135.7433466,133.1928435,-52369700,143.3653091,123.9875471,10773707.5,140.8899994
189,1/25/2023,140.8899994,142.4299927,141.8600006,141.6437378,65799300,0.7845,0.673754789,0.117768199,62.19752044,92.13358671,0.263259957,0.977526922,136.5589005,134.300781,-118169000,144.417447,125.1496949,13227609.42,143.1699982
190,1/26/2023,143.1699982,144.25,143.9600067,143.7405396,54105100,0.6652,0.461471493,0.111414804,65.27897314,98.50210084,0.382715596,1.45909884,137.5457146,135.5233338,-64063900,145.2091026,127.063755,11652390.04,143.1600037
191,1/27/2023,143.1600037,147.2299957,145.9299927,145.7075195,70555800,0.4939,0.389945247,0.102020784,67.9206969,93.19726316,0.347704167,1.976920746,138.6636184,136.9373871,6491900,146.901217,127.7016403,5366904.356,144.9600067
192,1/30/2023,144.9600067,145.5500031,143,142.7819977,64015300,-0.9265,0.44547619,0.180952381,60.54260544,77.86501521,0.353879366,2.126361049,139.2418026,137.8434396,-57523400,147.3544928,129.0840797,-24182484.47,142.6999969
193,1/31/2023,142.6999969,144.3399963,144.2899933,144.0700226,65874500,0.4215,0.487892496,0.153905844,62.47530637,82.46866805,0.37480576,2.32211732,139.9148947,138.7810681,8351100,147.8020017,130.5737132,3975489.614,143.9700012
194,2/1/2023,143.9700012,146.6100006,145.4299927,145.2082825,77663600,-0.1027,0.366081587,0.123273762,64.14665769,88.60035581,0.34460379,2.539964864,140.6502411,139.707705,86014700,148.5935382,131.4878892,8877530.253,148.8999939
195,2/2/2023,148.8999939,151.1799927,150.8200073,150.5900879,118339000,0.7506,0.414368687,0.106455026,70.77462923,98.15581171,0.390371128,3.11167035,142.0062099,141.4185218,204353700,150.643835,131.9247358,25035953.35,148.0299988
196,2/3/2023,148.0299988,157.3800049,154.5,154.2644653,154357300,0.1154,0.428331977,0.162237185,74.27169539,87.80175854,0.364180854,3.817687792,143.6720486,143.4958468,358711000,153.5288788,131.8596928,20214477.1,152.5700073
197,2/6/2023,152.5700073,153.1000061,151.7299957,151.4986877,69858300,-0.6908,0.473498828,0.115617109,67.70450573,76.06942393,0.342142748,4.106359945,144.7464415,144.4764536,288852700,154.894299,132.7499859,-7110860.122,150.6399994
198,2/7/2023,150.6399994,155.2299957,154.6499939,154.4142303,83322600,0,0.432567925,0.058635699,70.65057308,88.43705669,0.450428473,4.518665788,146.0669152,145.6679444,372175300,156.4884277,133.9329983,6192696.141,153.8800049
199,2/8/2023,153.8800049,154.5800018,151.9199982,151.6884003,64120100,0,0.476545007,0.242860875,64.70739526,76.42484521,0.404957297,4.572425228,146.8473263,146.6154322,308055200,156.703246,136.0967506,-20166927.18,153.7799988
200,2/9/2023,153.7799988,154.3300018,150.8699951,150.6399994,56007100,0.4404,0.534645233,0.193144863,62.52870376,66.58107755,0.306809199,4.47867611,147.3836821,147.613098,252048100,156.6895477,137.9675916,-31408194.42,149.4600067
201,2/10/2023,149.4600067,151.3399963,151.0099945,151.0099945,57450700,-0.4404,0.403064088,0.138363797,62.70899151,65.69731899,0.336716841,4.365354945,147.8671904,148.2930689,309498800,156.8929814,139.1784428,-6844171.179,150.9499969
202,2/13/2023,150.9499969,154.2599945,153.8500061,153.8500061,62199000,0.5994,0.441586289,0.167141022,66.25585578,80.99085952,0.347236197,4.453376553,148.6648992,148.9621598,371697800,157.6097905,140.0787776,6170047.71,152.1199951
203,2/14/2023,152.1199951,153.7700043,153.1999969,153.1999969,61707600,0.5106,0.449266667,0.1219,64.73815962,73.97254938,0.341456301,4.419736039,149.2695789,149.6669803,309990200,157.7594142,141.5491534,7943562.245,153.1100006
204,2/15/2023,153.1100006,155.5,155.3300018,155.3300018,65573800,0.34,0.443884535,0.155573406,67.37541042,87.23534643,0.353030415,4.512927069,150.0776353,150.2852631,375564000,158.4033367,142.5295159,14161386.7,153.5099945
205,2/16/2023,153.5099945,156.3300018,153.7100067,153.7100067,68167900,0.25,0.398275058,0.176631702,63.48635071,77.1482022,0.280783883,4.405280236,150.5619515,150.8734349,307396100,158.6958262,143.3484569,-19188463.61,152.3500061
206,2/17/2023,152.3500061,153,152.5500031,152.5500031,59144100,-0.0258,0.485587355,-0.019313505,60.78089389,69.92526423,0.367884824,4.17820302,150.827025,151.3691396,248252000,157.9735786,145.4349907,-3696829.387,150.1999969
207,2/21/2023,150.1999969,151.3000031,148.4799957,148.4799957,58867200,0.4588,0.397694218,0.081866203,52.35127365,44.58274901,0.258008936,3.628005723,150.5140878,151.7412698,189384800,157.1231262,146.8840149,-25787548.46,148.8699951
208,2/22/2023,148.8699951,149.9499969,148.9100037,148.9100037,51011300,-0.8689,0.415847042,0.119215488,53.09148976,17.12328563,0.235528567,3.189897297,150.3002099,152.1388018,240396100,156.2957505,148.208535,-10526636.39,150.0899963
209,2/23/2023,150.0899963,150.3399963,149.3999939,149.3999939,48394200,0,0.461507281,0.060975994,53.96900216,21.91771005,0.178754073,2.849385388,150.1801811,152.2368826,288790300,156.3989862,147.9024402,-1397186.988,147.1100006
210,2/24/2023,147.1100006,147.1900024,146.7100067,146.7100067,55469600,0,0.4394505,0.077161319,48.59452266,9.330871218,0.150498417,2.335545054,149.7174912,151.690811,233320700,156.4615211,146.7270492,2528117.412,147.7100067
211,2/27/2023,147.7100067,149.1699982,147.9199982,147.9199982,44998500,-0.0258,0.423532828,0.10388961,50.96021028,20.73512556,0.145694971,2.002871232,149.4778254,151.4869704,278319200,156.5418867,146.1023982,-8712182.553,147.0500031
212,2/28/2023,147.0500031,149.0800018,147.4100037,147.4100037,50547000,0.4588,0.484285714,0.232354497,49.91748812,15.92839156,0.043690345,1.678721283,149.2021159,151.043997,227772200,156.0380324,145.5719683,-13816932.62,146.8300018
213,3/1/2023,146.8300018,147.2299957,145.3099976,145.3099976,55479000,0,0.552705628,0.189105339,45.76498071,2.650201923,0.038417261,1.238105066,148.6831668,150.5595414,172293200,156.2290343,144.4366805,-19739236.6,144.3800049
214,3/2/2023,144.3800049,146.7100067,145.9100037,145.9100037,52238100,0.7389,0.356068211,0.11469541,47.11855106,16.17062335,0.121519326,0.926647206,148.3134117,150.1329569,224531300,156.2848735,143.6722711,-328894.9895,148.0399933
215,3/3/2023,148.0399933,151.1100006,151.0299988,151.0299988,70732300,-0.2732,0.492437229,0.137577201,56.98423593,57.36122551,0.15453158,1.080500092,148.6756233,150.0778594,295263600,156.2872455,143.6727568,22037500.52,153.7899933
216,3/6/2023,153.7899933,156.3000031,153.8300018,153.8300018,87558000,-0.3472,0.27185319,0.030306763,61.24268287,79.88738211,0.015245859,1.412088778,149.3628738,150.3278263,382821600,156.2823172,143.6748274,-12969425.8,153.6999969
217,3/7/2023,153.6999969,154.0299988,151.6000061,151.6000061,56182000,0.34,0.394833969,0.169563191,56.44960265,61.94696132,-0.076243161,1.477896906,149.6611581,150.2882218,326639600,155.9856506,143.7429238,-17592826.83,152.8099976
218,3/8/2023,152.8099976,153.4700012,152.8699951,152.8699951,47204800,0,0.478649068,0.233668596,58.44427676,72.16408282,-0.13306799,1.613923516,150.089003,150.0824837,373844400,155.2915512,144.0855937,-1773563.564,153.5599976
219,3/9/2023,153.5599976,154.5399933,150.5899963,150.5899963,53833600,-0.8271,0.422464734,0.132955852,53.68991846,53.95159276,-0.126815531,1.520224535,150.1558021,149.8211446,320010800,154.6431964,144.2882328,-13437806.32,150.2100067
220,3/10/2023,150.2100067,150.9400024,148.5,148.5,68572400,0.8044,0.270196158,0.058503788,49.69882724,37.09679603,-0.208090842,1.262765803,149.9350285,149.5815737,251438400,154.0774569,144.2754004,-12876261.24,147.8099976
221,3/13/2023,147.8099976,153.1399994,150.4700012,150.4700012,84457100,0,0.369590643,0.165277778,53.22813288,52.98389091,-0.132011075,1.203813721,150.0063582,149.6821007,335895500,154.2459217,144.3912221,-826186.9737,151.2799988
222,3/14/2023,151.2799988,153.3999939,152.5899963,152.5899963,73695900,0.5267,0.453416149,0.164208075,56.74533377,70.08061311,-0.099597374,1.313023938,150.3508433,149.9464036,409591400,154.7787822,144.3840749,15621992.93,151.1900024
223,3/15/2023,151.1900024,153.25,152.9900055,152.9900055,77167900,-0.6908,0.489452214,0.072027972,57.39633112,73.30649101,-0.043867514,1.415533824,150.7027316,150.1840781,486759300,155.3205213,144.3551946,29712440.56,152.1600037
224,3/16/2023,152.1600037,156.4600067,155.8500061,155.8500061,76161100,0.7997,0.490559978,0.092946167,61.82073438,95.1433122,-0.000982102,1.707864595,151.3890349,150.7873808,562920400,156.4812778,144.5001522,30155642.89,156.0800018
225,3/17/2023,156.0800018,156.7400055,155,155,98944600,0.5719,0.457222222,0.019111111,59.83197765,86.44856759,-0.022568169,1.849629076,151.8704969,151.3833098,463975800,157.2242141,144.7686448,-3557551.929,155.0700073
226,3/20/2023,155.0700073,157.8200073,157.3999939,157.3999939,73641400,0.9432,0.45794067,0.071605825,63.41104812,96.98266507,0.061248477,2.131072224,152.6077631,151.9531433,537617200,158.4024945,145.0175059,14095954.04,157.3200073
227,3/21/2023,157.3200073,159.3999939,159.2799988,159.2799988,73938300,0,0.334733496,0.116707251,65.96903102,99.22583795,0.168947267,2.477262291,153.4973946,152.7735558,611555500,159.4514884,145.9642264,23519933.16,159.3000031
228,3/22/2023,159.3000031,162.1399994,157.8300018,157.8300018,75701800,0.5994,0.455656432,0.081421356,62.3485457,70.89805355,0.069260354,2.604593643,154.0750755,153.6289806,535853700,159.6313408,147.4872309,-20179063.77,158.8300018
229,3/23/2023,158.8300018,161.5500031,158.9299927,158.9299927,67622100,-0.1265,0.501097337,0.2428191,63.96426793,77.90772895,-0.020877874,2.762421253,154.7223978,154.2779813,603475800,160.6050575,147.6420848,-19973944.91,158.8600006
230,3/24/2023,158.8600006,160.3399963,160.25,160.25,59196500,0.7783,0.430415264,0.200112233,65.85769977,86.99243256,0.099842772,2.959894509,155.4594114,154.5678213,662672300,161.7840618,147.380223,7016352.163,159.9400024
231,3/27/2023,159.9400024,160.7700043,158.2799988,158.2799988,52390300,0,0.418492063,0.117460317,60.7292176,73.43426748,0.10062989,2.923727936,155.8354898,154.9350765,610282000,162.2927476,147.8258219,-12009857.61,157.9700012
232,3/28/2023,157.9700012,158.4900055,157.6499939,157.6499939,45992200,-0.0263,0.425279582,0.11649531,59.14305342,69.09837667,0.103346608,2.811816666,156.0774236,155.1557453,564289800,162.6398372,148.1615893,-1906377.532,159.3699951
233,3/29/2023,159.3699951,161.0500031,160.7700043,160.7700043,51305700,0.1027,0.41090404,0.056520202,64.13851404,90.57126475,0.184576501,2.940983118,156.7031011,155.6154133,615595500,163.3330367,148.9226766,8508234.959,161.5299988
234,3/30/2023,161.5299988,162.4700012,162.3600006,162.3600006,49501700,0,0.384966583,0.125144632,66.39356736,99.25524321,0.263625303,3.135503742,157.4573543,156.4179313,665097200,163.6345427,150.6011707,13911141.85,162.4400024
235,3/31/2023,162.4400024,165,164.8999939,164.8999939,68749800,0.5719,0.506899586,0.217686335,69.6742295,99.33682963,0.334480458,3.454794252,158.4497063,157.5006239,733847000,164.6979362,151.5992047,22452849.09,164.2700043
236,4/3/2023,164.2700043,166.2899933,166.1699982,166.1699982,56976200,-0.6124,0.411293204,0.147743592,71.18869479,99.26698135,0.354371798,3.766890641,159.4790785,158.4305978,790823200,166.0961392,152.141002,19474000.57,166.6000061
237,4/4/2023,166.6000061,166.8399963,165.6300049,165.6300049,46278300,0.9701,0.375071486,0.169229608,69.59719324,92.0395283,0.273348775,3.925406688,160.299202,159.3631503,744544900,166.8631062,153.1797492,-5414810.392,164.7400055
238,4/5/2023,164.7400055,165.0500031,163.7599945,163.7599945,51511700,0,0.42391193,0.154035458,64.24108617,75.72891065,0.228006826,3.855691576,160.760641,160.0215306,693033200,167.2612616,153.9115922,-5852700.205,162.4299927
239,4/6/2023,162.4299927,164.9600067,164.6600037,164.6600037,45390100,0.4255,0.451900599,0.168288586,65.61273444,82.82118001,0.337303353,3.828927571,161.2805561,160.8013508,738423300,167.4791321,155.0737222,2636220.793,161.4199982
240,4/10/2023,161.4199982,162.0299988,162.0299988,162.0299988,47716900,0.0571,0.482479639,0.143999743,58.54554683,55.70904891,0.336893961,3.55452316,161.3804817,161.2400389,690706400,167.429938,155.7843455,9537167.525,162.3500061
241,4/11/2023,162.3500061,162.3600006,160.8000031,160.8000031,47644200,0.2732,0.380033833,0.014148824,55.53295037,44.38312204,0.217331277,3.200907245,161.3030846,161.5125,643062200,167.4162948,156.0151322,-14096063.15,161.2200012
242,4/12/2023,161.2200012,162.0599976,160.1000061,160.1000061,50133100,0.7269,0.353193042,0.044155443,53.83513626,37.93747831,0.277431702,2.831539951,161.1426741,161.6841774,592929100,167.2465991,156.5091142,-23549801.25,161.6300049
243,4/13/2023,161.6300049,165.8000031,165.5599976,165.5599976,68445600,0.1779,0.383839586,0.114155844,63.2683613,88.2136399,0.391639858,2.945436233,161.7316506,162.1316302,661374700,167.7659687,156.9368882,5588837.454,164.5899963
244,4/14/2023,164.5899963,166.3200073,165.2100067,165.2100067,49386500,0.34,0.469204981,0.160083906,62.38832344,84.99088828,0.329371943,2.97318549,162.1954314,162.5477893,611988200,168.1727213,157.2387079,-630386.2947,165.0899963
245,4/17/2023,165.0899963,165.3899994,165.2299957,165.2299957,41516200,0,0.40887967,0.109762105,62.42047377,85.17494917,0.430552533,2.96263847,162.60004,162.9422524,653504400,168.2147963,158.1894897,5224211.602,166.1000061
246,4/18/2023,166.1000061,167.4100037,166.4700012,166.4700012,49923000,0.5994,0.367819706,0.132494759,64.45055092,88.33743516,0.402526365,3.019530691,163.1160348,163.5416342,703427400,168.0490942,159.6151928,-4040109.709,165.8000031
247,4/19/2023,165.8000031,168.1600037,167.6300049,167.6300049,47720200,0.2263,0.35532374,0.084190449,66.28539737,93.67543591,0.396217377,3.122229666,163.7178975,164.0021457,751147600,168.5958174,160.0484697,2660928.388,166.0899963
248,4/20/2023,166.0899963,167.8699951,166.6499939,166.6499939,52456400,0.4939,0.475649351,0.123944805,63.31228643,81.98080089,0.334672395,3.088933347,164.1088437,164.3318132,698691200,168.9107379,160.3464054,-4819693.44,165.0500031
249,4/21/2023,165.0500031,166.4499969,165.0200043,165.0200043,58337300,0.1779,0.317171717,0.079040404,58.604038,62.52986205,0.211882924,2.897617306,164.2303318,164.4506951,640353900,168.9219288,160.3523589,-15025741.85,165
250,4/24/2023,165,165.6000061,165.3300018,165.3300018,41949600,0,0.430071829,0.114118406,59.2250823,66.22911477,0.185416449,2.73943369,164.3769544,164.3895883,682303500,168.79743,160.3568581,-179162.4913,165.1900024
251,4/25/2023,165.1900024,166.3099976,163.7700043,163.7700043,48714100,0.4168,0.453366862,0.116549741,54.77187853,47.61340296,0.143756191,2.459837791,164.2960277,164.3073506,633589400,168.6406694,160.2479044,-18241012.87,163.0599976
252,4/26/2023,163.0599976,165.2799988,163.7599945,163.7599945,45498800,-0.3814,0.43543771,0.251094276,54.743435,47.49395476,0.114930737,2.211950335,164.2245566,164.3408673,588090600,168.6406694,160.2479044,-12221513.33,165.1900024
253,4/27/2023,165.1900024,168.5599976,168.4100037,168.4100037,64902300,0.3818,0.434837462,0.079261865,64.0764132,98.29164103,0.143898552,2.363470007,164.7826162,164.6473033,652992900,169.3814849,160.0428032,13433571.57,168.4900055
254,4/28/2023,168.4900055,169.8500061,169.6799927,169.6799927,55209200,0,0.6453125,0.166145833,66.13076533,98.31168516,0.139583075,2.556557534,165.4355998,165.2066541,708202100,170.3186413,160.198503,18429673.25,169.2799988
255,5/1/2023,169.2799988,170.4499969,169.5899963,169.5899963,52472900,0,0.446461871,0.110454129,65.84341145,91.94001164,0.187255305,2.671523182,165.9895193,165.7821801,655729200,170.7555323,161.0173254,5093726.201,170.0899963
256,5/2/2023,170.0899963,170.3500061,168.5399933,168.5399933,48425700,0.4404,0.478606912,0.152419984,62.43470206,78.84824009,0.218182449,2.647390347,166.3295825,166.3395688,607303500,170.3233134,162.6552567,-6096658.944,169.5
257,5/3/2023,169.5,170.9199982,167.4499969,167.4499969,65136000,0.6369,0.491666667,0.207122815,59.01893547,57.26596912,0.058393932,2.51136189,166.4789711,166.7327113,542167500,170.4510124,162.7975576,-23206953.71,164.8899994
258,5/4/2023,164.8899994,167.0399933,165.7899933,165.7899933,81235400,-0.1154,0.429727665,0.087164523,54.15929813,36.82256197,0.057667778,2.243745435,166.3871074,166.7287304,460932100,170.4425322,162.888893,-8391090.067,170.9799957
259,5/5/2023,170.9799957,174.3000031,173.5700073,173.5700073,113316400,0.9856,0.416187346,0.133347853,67.61732142,93.65221106,0.094858925,2.629132575,167.3448274,167.6656972,574248500,172.3482458,162.1746097,17440279.43,172.4799957
260,5/8/2023,172.4799957,173.8500061,173.5,173.5,55962800,0.6705,0.393618248,0.100349967,67.42549786,93.04345172,0.138498819,2.895527812,168.1655171,168.1045078,518285700,173.7475581,161.7795829,15879838.87,173.0500031
261,5/9/2023,173.0500031,173.5399933,171.7700043,171.7700043,45326900,0,0.527080281,0.164632173,62.69240359,78.00001061,0.059524527,2.933239203,168.6461154,168.3913522,472958800,174.3869517,161.7316178,-8739520.448,173.0200043
262,5/10/2023,173.0200043,174.0299988,173.5599976,173.5599976,53724500,0.296,0.434325243,0.119463561,65.3988682,93.56516962,0.099143101,3.072149425,169.3012997,168.8074439,526683300,175.4189002,161.6868127,3428285.637,173.85
