,Date,Open,High,Close,Adj Close,Volume,compound,subjectivity,polarity,rsi,stocastic_oscillator,mfi,macd,ema,tema,vwap,obv,bbands_upper,bbands_lower,chaikin
0,2022-04-25,161.1199951171875,163.1699981689453,162.8800048828125,161.89926147460938,96046400,0.4404,0.4331485447176936,0.0533342543980841,37.43340703,22.27822069,-0.172430747,,167.2271445,,168.0094775,38841100,174.9672843,160.6055699,19187042.68
1,2022-04-26,162.25,162.33999633789062,156.8000030517578,155.8558807373047,95623200,-0.4019,0.4305877305877305,0.1338910338910339,29.72013109,0.47310357,-0.208388384,,165.836859,,166.6760308,-56782100,174.4902971,158.4739865,-18404840.92
2,2022-04-27,155.91000366210938,159.7899932861328,156.57000732421875,155.6272735595703,88063200,-0.7096,0.4300309075309075,0.0499328224328224,29.47273056,6.618480112,-0.242859849,-3.08996784,164.6012788,,165.5098041,-144845300,174.2959831,156.4883012,-15448911.22
3,2022-04-28,159.25,164.52000427246094,163.63999938964844,162.65467834472656,130216800,0.0,0.4703530061669598,0.1171699553676297,44.70926262,50.36583891,-0.175367002,-2.881853189,164.4731082,,164.7374599,-14628500,172.8887913,156.6812073,28450452.15
4,2022-04-29,161.83999633789062,166.1999969482422,157.64999389648438,156.70074462890625,131747600,0.5423,0.4847141610104574,0.0730035585128177,37.34747502,14.05566484,-0.246547578,-3.163793964,163.5633596,,163.9100087,-146376100,172.2041097,155.5887457,-22737455.72
5,2022-05-02,156.7100067138672,158.22999572753906,157.9600067138672,157.00888061523438,123055300,0.0,0.4303369633838381,0.0680255681818181,37.9172376,25.6845775,-0.101137415,-3.323902735,162.8162459,,163.0263454,-23320800,172.1073469,154.5726523,31453209.06
6,2022-05-03,158.14999389648438,160.7100067138672,159.47999572753906,158.5197296142578,88966500,0.1779,0.3494107744107744,0.1267676767676767,40.76172009,34.00872576,-0.046849375,-3.290212161,162.3714125,,162.4219605,65645700,171.3827481,154.1286785,28316187.97
7,2022-05-04,159.6699981689453,166.47999572753906,166.02000427246094,165.02035522460938,108256500,0.5829,0.4381182947487294,0.0872151640629901,51.13572091,69.82477457,-0.011253813,-2.704611033,162.8578914,,162.1701941,173902200,170.2135034,154.6722104,42070000.08
8,2022-05-05,163.85000610351562,164.0800018310547,156.77000427246094,155.82606506347656,130525300,0.0,0.3553616136949469,0.0853375020041686,40.36789467,19.16758517,-0.017521065,-2.952876691,162.0461731,,161.5531637,43376900,169.9447799,153.7237927,-11157167.22
9,2022-05-06,156.00999450683594,159.44000244140625,157.27999877929688,156.56268310546875,116124600,0.4588,0.3707037043102617,-0.0006159368864286,41.10426444,21.96054607,-0.001804374,-3.073052482,161.4106832,,161.0052622,159501500,169.4922596,153.0634546,-341624.0444
10,2022-05-09,154.92999267578125,155.8300018310547,152.05999755859375,151.36648559570312,131577900,0.9349,0.4599275063560779,0.1046060949632378,36.17967267,2.844272736,-0.103189861,-3.548597118,160.1639251,,160.0591874,27923600,168.9138186,151.4504675,-33357897.28
11,2022-05-10,155.52000427246094,156.74000549316406,154.50999450683594,153.8052978515625,115366700,0.0,0.4173237476808904,0.1008426097711812,39.82375405,15.06981051,-0.104551671,-3.685293618,159.4100677,,159.3299234,143290300,167.5161711,151.030972,-19225675.31
12,2022-05-11,153.5,155.4499969482422,146.5,145.83184814453125,142689800,0.1531,0.5210277376944042,0.1713744588744589,33.15775156,3.127844596,-0.133019081,-4.389368289,157.6887254,,157.9465809,600500,167.4355385,148.2658906,-44335927.22
13,2022-05-12,142.77000427246094,146.1999969482422,142.55999755859375,141.90980529785156,182602000,0.6249,0.4528224250996528,0.1532253225322532,30.45714441,13.58379878,-0.077622828,-5.205274641,155.6715617,,155.9791461,-182001500,168.5887119,144.365575,-10733708.87
14,2022-05-13,144.58999633789062,148.10000610351562,147.11000061035156,146.43905639648438,113990900,0.7089,0.4788067261536649,0.1860868156786524,36.85340512,30.02167542,-0.085903077,-5.422234934,154.5300202,,155.0043727,-68010600,167.7994466,142.9019825,24924441.1
15,2022-05-16,145.5500030517578,147.52000427246094,145.5399932861328,144.87620544433594,86643800,0.6369,0.4939734075448362,0.2962770562770562,35.63545197,24.34968215,-0.040901062,-5.655668968,153.3313499,,154.3250954,-154654400,167.9361022,141.1567541,10250306.19
16,2022-05-17,148.86000061035156,149.77000427246094,149.24000549316406,148.55935668945312,78336300,0.743,0.4368280399468516,0.1510935022073635,40.61633265,37.71678181,0.013621158,-5.478949143,152.7858373,163.3464479,153.9033121,-76318100,167.6266089,140.4191043,24807826.06
17,2022-05-18,146.85000610351562,147.36000061035156,140.82000732421875,140.17774963378906,109742900,-0.3612,0.4174050221181368,0.1361850353653632,34.14141243,7.297705227,-0.089783979,-5.949736039,151.1903933,162.6205168,152.4982654,-186061000,166.4574681,138.3282462,-14172479.13
18,2022-05-19,139.8800048828125,141.66000366210938,137.35000610351562,136.7235870361328,136095600,0.296,0.3889100445009535,0.1107011019283746,31.88546594,2.510041032,-0.074993605,-6.527592126,149.3450084,161.8392528,150.7333617,-322156600,166.6323577,135.2533583,-32991252.13
19,2022-05-20,139.08999633789062,140.6999969482422,137.58999633789062,136.9624786376953,137426100,0.4939,0.4314236111111112,0.1318813131313131,32.21904869,14.70326674,-0.120761932,-6.886795342,147.7776734,161.0024532,149.1842889,-184730500,166.0578953,132.9178193,2882938.672
20,2022-05-23,137.7899932861328,143.25999450683594,143.11000061035156,142.45730590820312,117726300,0.6705,0.4657731157731158,0.0875307562807562,39.5519619,31.00089021,-0.076364105,-6.649398143,147.1553171,160.1277523,148.1402884,-67004200,164.1991493,132.4379945,42644650.69
21,2022-05-24,140.80999755859375,141.97000122070312,140.36000061035156,139.7198486328125,104132700,0.6486,0.4519376215571868,0.1153715728715729,37.38220176,24.62662758,-0.113304656,-6.606999789,146.2492749,159.2240263,146.6325041,-171136900,159.4211764,133.5502526,29718559.69
22,2022-05-25,138.42999267578125,141.7899932861328,140.52000427246094,139.87911987304688,92482700,0.8514,0.377404401154401,0.0614414304333659,37.59670465,29.48193486,-0.05410086,-6.485724436,145.4853721,158.3009849,145.3379124,-78654200,157.2366162,133.4133842,19350948.56
23,2022-05-26,137.38999938964844,144.33999633789062,143.77999877929688,143.12425231933594,90601500,0.2023,0.3499907893524914,0.1444450584876117,41.95925026,46.29090721,-0.020933639,-6.056740203,145.257989,157.3758028,144.3161135,11947300,154.2609348,134.4604942,29932035.38
24,2022-05-27,145.38999938964844,149.67999267578125,149.63999938964844,148.95751953125,90978500,0.0,0.4411321377035662,0.1058684807256236,48.87769336,70.57602708,0.095088875,-5.184154327,145.8422571,156.4758474,143.8116583,102925800,153.6176559,134.7580591,35619968.62
25,2022-05-31,149.07000732421875,150.66000366210938,148.83999633789062,148.1611785888672,103718400,0.6369,0.3900595238095238,0.1687053571428571,48.03587245,71.05953735,0.111266666,-4.505243651,146.2419556,155.617945,143.3429491,-792600,151.7832751,135.7824402,7839788.768
26,2022-06-01,149.89999389648438,151.74000549316406,148.7100067138672,148.0317840576172,74286600,0.0,0.4713986368241685,0.1708851432255687,47.89153816,84.16101408,0.172685139,-3.932361311,146.5710291,154.812731,143.0827858,-75079200,152.2313028,135.6501277,-17436049.7
27,2022-06-02,147.8300018310547,151.27000427246094,151.2100067138672,150.52037048339844,72348100,0.0,0.4378615019240019,0.1544958513708513,50.94440849,97.22948958,0.234067533,-3.239278437,147.1895595,154.0724027,143.499749,-2731100,153.6006997,135.5164464,7845957.638
28,2022-06-03,146.89999389648438,147.97000122070312,145.3800048828125,144.71694946289062,88570300,0.7269,0.436128936423054,0.0810699431287666,44.41015788,66.75379515,0.158186699,-3.124421307,146.9482855,153.389683,143.4409485,-91301400,153.3810526,135.4889512,-18326436.24
29,2022-06-06,147.02999877929688,148.57000732421875,146.13999938964844,145.47349548339844,71598400,0.0,0.4349206349206349,0.1092592592592592,45.39342306,70.72658299,0.154713114,-2.938201244,146.840514,152.7604549,143.4569368,-19703000,153.4503838,135.5053352,-21345849.27
30,2022-06-07,144.35000610351562,149.0,148.7100067138672,148.0317840576172,67808200,0.875,0.4191203302869969,0.1530189193522527,48.69801602,84.16101408,0.162040554,-2.553803729,147.0897797,152.1870227,143.3527325,48105200,153.335983,135.5440219,5767888.163
31,2022-06-08,148.5800018310547,149.8699951171875,147.9600067138672,147.28518676757812,53950200,0.3818,0.395004556846662,0.0728984709247867,47.78912116,80.24047144,0.208249394,-2.283363469,147.20581,151.6677565,143.6187521,-5845000,153.7757652,136.1242396,-12729186.99
32,2022-06-09,147.0800018310547,147.9499969482422,142.63999938964844,141.9894561767578,69473000,0.6124,0.4220739710025423,0.0847115714972857,41.82587104,52.4307173,0.243041775,-2.469846887,146.5970352,151.1875838,144.22119,-75318000,153.2237282,137.4319899,-30303632.67
33,2022-06-10,140.27999877929688,140.75999450683594,137.1300048828125,136.5045928955078,91437900,0.4939,0.4733244004672574,0.1243891293891294,36.71576222,0.476888872,0.151741283,-3.027349447,145.3347645,150.7228706,144.6055638,-166755900,153.3221316,137.2678735,-41523427.3
34,2022-06-13,132.8699951171875,135.1999969482422,131.8800048828125,131.2785186767578,122207100,-0.3374,0.4640049404456183,0.0888292733631716,32.62563389,2.167499386,-0.020608998,-3.848442912,143.5407966,150.246138,143.7230255,-288963000,155.0718374,133.9138825,-44129059.24
35,2022-06-14,133.1300048828125,133.88999938964844,132.75999450683594,132.1544952392578,84784300,0.8934,0.3922954918644574,0.1234326018808777,33.95374831,6.50242299,-0.043594064,-4.377694256,142.1033563,149.7432983,143.2680595,-204178700,155.9993718,131.900633,-9720797.685
36,2022-06-15,134.2899932861328,137.33999633789062,135.42999267578125,134.81231689453125,91533000,0.0,0.5092677895021644,0.1647412743506493,37.95041367,19.65512135,-0.043938659,-4.529470307,141.2135745,149.2139703,142.8617381,-112645700,156.3158185,130.8570418,11206453.57
37,2022-06-16,132.0800018310547,132.38999938964844,130.05999755859375,129.46681213378906,108123900,0.0,0.3863253749617386,0.103784052647689,33.55272018,4.493408476,-0.143046347,-5.025140951,139.7264309,148.6477187,141.8233453,-220769600,157.1136889,128.0991712,-2350673.511
38,2022-06-17,130.07000732421875,133.0800018310547,131.55999755859375,130.95997619628906,134520300,0.7425,0.4915062388591799,0.1795090612002377,35.79096026,11.10133444,-0.20270653,-5.236562214,138.6375731,148.0444428,140.2269927,-86249300,156.2989499,126.3310528,8780485.893
39,2022-06-21,133.4199981689453,137.05999755859375,135.8699951171875,135.25030517578125,81000500,0.0,0.5000801667468335,0.161002886002886,41.85184279,30.08809761,-0.186231056,-4.998712261,138.2685627,147.4175221,139.1732631,-5248800,154.9960293,125.7811161,18897325.93
40,2022-06-22,134.7899932861328,137.75999450683594,135.35000610351562,134.73269653320312,73409200,-0.3182,0.5825987841945288,0.1601063829787234,41.34477947,28.38510886,-0.171417679,-4.796877807,137.8794218,146.7770688,138.3350296,-78658000,153.47722,125.3913539,6061413.716
41,2022-06-23,136.82000732421875,138.58999633789062,138.27000427246094,137.63937377929688,72433800,0.0,0.4291720779220778,0.1284361471861471,45.34900715,44.31113862,-0.182642895,-4.351145799,137.9314995,146.1387626,137.601043,-6224200,150.9420059,126.0779962,24208186.36
42,2022-06-24,139.89999389648438,141.91000366210938,141.66000366210938,141.01393127441406,89116800,-0.4404,0.4592969589512142,0.1307288308618095,49.64675818,60.5857382,-0.091396782,-3.681912556,138.4286334,145.5222548,137.2499733,82892600,150.2285467,126.2600266,33097318.04
43,2022-06-27,142.6999969482422,143.49000549316406,141.66000366210938,141.01393127441406,70207900,0.0,0.4946363636363636,0.2335909090909091,49.64675818,60.5857382,-0.098563639,-3.115625398,138.8594828,144.9407396,136.9783924,153100500,149.2703997,126.5781743,1889011.024
44,2022-06-28,142.1300048828125,143.4199981689453,137.44000244140625,136.81317138671875,67083400,0.0,0.607979797979798,0.0823939393939393,44.584865,40.32649264,-0.201350058,-2.973085696,138.6702187,144.3924812,136.5352755,86017100,146.7614616,127.4771117,-21449050.81
45,2022-06-29,137.4600067138672,140.6699981689453,139.22999572753906,138.59500122070312,66242400,0.891,0.4038848304473304,0.0977648508898508,47.05092678,53.88683484,-0.158301528,-2.684736485,138.7448556,143.880276,136.1358328,152259500,144.184119,128.80731,-2639997.222
46,2022-06-30,137.25,138.3699951171875,136.72000122070312,136.09645080566406,98964500,0.3612,0.3440170940170939,0.1034188034188034,44.0881209,53.14879894,-0.07893719,-2.628454056,138.4748751,143.3994569,135.6903272,53295000,142.9738973,129.1718176,8292065.771
47,2022-07-01,136.0399932861328,139.0399932861328,138.92999267578125,138.29635620117188,71051600,-0.2732,0.5111868686868687,0.1017403198653198,47.23844413,68.44284453,0.045218192,-2.378108628,138.5355574,142.9518391,135.6214187,124346600,143.2421151,129.1607409,24247260.63
48,2022-07-05,137.77000427246094,141.61000061035156,141.55999755859375,140.9143829345703,73353800,0.0,0.2879504504504504,0.0264332514332514,50.79180341,86.64355499,0.18703323,-1.945067136,138.9388161,142.5442857,136.1828717,197700400,144.0011211,129.784591,30275358.84
49,2022-07-06,141.35000610351562,144.1199951171875,142.9199981689453,142.26815795898438,74064300,0.6486,0.5857975357975359,0.1389901764901764,52.57063988,92.04246152,0.197553796,-1.475133529,139.4696404,142.1835074,136.8468815,271764700,144.9615682,130.275573,12109243.65
50,2022-07-07,143.2899932861328,146.5500030517578,146.35000610351562,145.6825408935547,66253700,0.0,0.5015272472625414,0.1505968296409473,56.81108612,98.85781361,0.231687966,-0.816522423,140.3870225,141.8805854,137.4904528,338018400,146.8779435,129.9191996,17117643.31
51,2022-07-08,145.25999450683594,147.5500030517578,147.0399932861328,146.36936950683594,64547800,0.0,0.4989759665621733,0.163876698014629,57.63169455,97.12508677,0.314341996,-0.236169759,141.2740852,141.6422751,138.7058564,402566200,147.8263481,131.3965087,11430915.27
52,2022-07-11,145.6699981689453,146.63999938964844,144.8699951171875,144.2092742919922,63141600,0.9773,0.3633301957898733,0.09277190103803,54.1471779,81.16648813,0.312365977,0.048108625,141.7535399,141.4652556,140.0397784,339424600,147.8593074,133.2649776,-9034081.057
53,2022-07-12,145.75999450683594,148.4499969482422,145.86000061035156,145.1947479248047,77588800,-0.128,0.5131698761009106,0.1212046574115539,55.46998618,82.35696437,0.245201437,0.349260405,142.301068,141.3471531,140.8885655,417013400,148.5517537,133.999675,-24732591.57
54,2022-07-13,142.99000549316406,146.4499969482422,145.49000549316406,144.82644653320312,71185600,0.7003,0.5712241462241463,0.2697931697931697,54.83331034,79.83656041,0.302418729,0.551710077,142.7262597,141.2829625,141.5257027,345827800,148.7737855,135.2262145,-3375070.926
55,2022-07-14,144.0800018310547,148.9499969482422,148.47000122070312,147.79286193847656,78140700,0.0,0.4300943396226413,0.1465453728661276,58.92276887,96.83797128,0.308705806,0.941757654,143.4920919,141.2740217,142.2153705,423968500,149.9220448,135.5350976,13737806.67
56,2022-07-15,149.77999877929688,150.86000061035156,150.1699981689453,149.48509216308594,76259900,0.0,0.4670521541950113,0.1142687074829932,61.08726345,95.96253605,0.281566935,1.372230497,144.3824794,141.3225676,142.8757187,500228400,151.4458821,135.2269739,10490226.72
57,2022-07-18,150.74000549316406,151.57000732421875,147.07000732421875,146.39926147460938,81420900,0.296,0.4163100391671819,0.1185547653404796,55.35879024,74.71910546,0.242273028,1.446564873,144.7408164,141.4197998,143.3734028,418807500,151.9900034,135.4557102,-25438129.33
58,2022-07-19,147.9199981689453,151.22999572753906,151.0,150.31130981445312,82982400,0.0,0.4549863430220573,0.1459026489383632,60.42543421,96.79771221,0.371185173,1.801822676,145.5753742,141.5667089,144.1322055,501789900,152.9645986,136.4182575,7738533.097
59,2022-07-20,151.1199951171875,153.72000122070312,153.0399932861328,152.34201049804688,64823400,-0.3612,0.494102733686067,0.1134369488536155,62.78649255,96.5914384,0.390811642,2.222359477,146.5706568,141.766013,144.9790306,566613300,154.3924985,136.9632144,9267401.779
60,2022-07-21,154.5,155.57000732421875,155.35000610351562,154.6414794921875,65086600,-0.128,0.4589002267573696,0.1265873015873015,65.31032828,98.8950217,0.432864087,2.71078837,147.7412367,142.0219387,146.4306957,631699900,155.5328815,138.4842606,14997336.32
61,2022-07-22,155.38999938964844,156.27999877929688,154.08999633789062,153.38722229003906,66675400,0.25,0.3764766808712122,0.0487600615530302,62.8081365,88.6821615,0.33379844,2.962054805,148.587738,142.3308927,147.5763907,565024500,156.0698023,140.1130546,-13383066.45
62,2022-07-25,154.00999450683594,155.0399932861328,152.9499969482422,152.25242614746094,53623900,0.0,0.3618629908103591,0.0532477025898078,60.54790343,78.09208882,0.239671734,3.034220239,149.1693725,142.6845245,148.4557295,511400600,156.3590513,141.4509484,-21393009.99
63,2022-07-26,152.25999450683594,153.08999633789062,151.60000610351562,150.90858459472656,55138700,0.0,0.4741463203463204,0.055991396103896,57.89109658,66.94921281,0.211053436,2.948490523,149.493457,143.0711889,149.0885486,456261900,156.2974508,142.75255,-19232767.72
64,2022-07-27,152.5800018310547,157.3300018310547,156.7899932861328,156.0749053955078,78620700,-0.6908,0.4606627499484643,0.1781720263863121,64.36489359,96.44964953,0.212521176,3.261738407,150.4663285,143.493086,149.8474345,534882600,157.7434373,142.7979903,8475422.259
65,2022-07-28,156.97999572753906,157.63999938964844,157.35000610351562,156.6323699951172,81378700,0.0,0.4206266534391536,0.0984023644179894,64.99033901,98.13148707,0.237078739,3.514663117,151.3841522,143.9502632,150.6032047,616261300,159.0699648,142.9443218,20493984.5
66,2022-07-29,161.24000549316406,163.6300048828125,162.50999450683594,161.76881408691406,101786900,0.0018,0.4775498418718757,0.1835303961575148,70.18321154,94.79307361,0.287750666,4.084393368,152.8675978,144.4521845,152.0485546,718048200,161.5246717,143.0096148,17124721.32
67,2022-08-01,161.00999450683594,163.58999633789062,161.50999450683594,160.77337646484375,67829400,0.7269,0.4122448979591836,0.1424744897959183,68.07580417,90.14407525,0.29433634,4.40444535,154.0199174,144.9992762,153.1304584,650218800,163.0484922,143.7215077,-12301693.2
68,2022-08-02,160.10000610351562,162.41000366210938,160.00999450683594,159.28021240234375,59907000,0.3182,0.4257837301587301,0.0604653679653679,64.9265098,82.23744108,0.215582071,4.485347098,154.8185943,145.5847684,154.1697925,590311800,163.5770176,145.2672665,-25401508.68
69,2022-08-03,160.83999633789062,166.58999633789062,166.1300048828125,165.372314453125,82507500,0.0,0.5468642951251647,0.0411462450592885,70.85143916,97.68732293,0.219106782,4.985822548,156.3267824,146.2155074,155.5649643,672819300,166.0029056,145.3642361,7515964.975
70,2022-08-04,166.00999450683594,167.19000244140625,165.80999755859375,165.05377197265625,55474100,-0.1779,0.4514470097803432,0.1398168189834856,70.18381262,93.2649853,0.18687623,5.295586802,157.5912111,146.8914971,156.5800412,617345200,167.8510306,145.7503967,-1817876.032
71,2022-08-05,163.2100067138672,165.85000610351562,165.35000610351562,164.8245086669922,56697000,0.0,0.4394348894348895,0.1213349713349713,69.17477536,90.92703921,0.300468705,5.441236552,158.6257171,147.6078488,157.7362953,560648200,168.5524602,147.6603956,6239155.411
72,2022-08-08,166.3699951171875,167.80999755859375,164.8699951171875,164.3460235595703,60276900,0.9246,0.4930440771349862,0.1432920110192837,68.0749003,83.1421902,0.1896833,5.455049735,159.4582875,148.3565831,158.9379589,500371300,169.2870794,148.9072043,-14802096.15
73,2022-08-09,164.02000427246094,165.82000732421875,164.9199981689453,164.39585876464844,63135500,-0.34,0.523964434258552,0.0566664544605721,68.1317442,83.00999222,0.169358365,5.407695068,160.1865156,149.1292756,159.7677957,563506800,169.9536742,149.9377529,-3985630.468
74,2022-08-10,167.67999267578125,169.33999633789062,169.24000549316406,168.7021484375,70170500,0.0,0.3616471734892788,0.0624756335282651,72.66082178,99.46067486,0.176031593,5.653583647,161.3936476,149.9276868,160.7843718,633677300,171.6555312,150.2201816,15280033.04
75,2022-08-11,170.05999755859375,170.99000549316406,168.49000549316406,167.95452880859375,57149200,-0.128,0.413157894736842,0.168530701754386,70.78010191,87.61763399,0.167400058,5.721974031,162.3398286,150.7480426,161.7328448,576528100,172.6216788,151.3111781,-13011984.23
76,2022-08-12,169.82000732421875,172.1699981689453,172.10000610351562,171.5530548095703,68039400,0.8261,0.417625313283208,0.180344611528822,74.23674988,99.67247505,0.261102047,5.998325816,163.6411856,151.5934324,162.8718727,644567500,173.9249712,152.7436013,11439038.45
77,2022-08-15,171.52000427246094,173.38999938964844,173.19000244140625,172.63958740234375,54091700,0.0,0.3794114615543187,0.0674345495774067,75.19105488,99.05795107,0.324183029,6.233435033,164.9143612,152.4652306,164.0602873,698659200,174.4190563,155.3338014,13683290.33
78,2022-08-16,172.77999877929688,173.7100067138672,173.02999877929688,172.48008728027344,56377100,0.3818,0.4458402708402707,0.0869116994116994,74.75332456,96.47664338,0.285661807,6.333837289,165.9964462,153.3606029,165.3134698,642282100,175.3095538,156.7633048,5558730.792
79,2022-08-17,172.77000427246094,176.14999389648438,174.5500030517578,173.99526977539062,79542000,0.8258,0.2918695626788111,0.0502875576574998,76.17244576,90.39044185,0.223711878,6.461573446,167.1369205,154.2780392,166.8617896,721824100,176.1590355,158.3709655,-1621440.11
80,2022-08-18,173.75,174.89999389648438,174.14999389648438,173.59652709960938,62290100,0.3612,0.306249098124098,0.0872100468975469,74.97802026,87.89345442,0.192434784,6.456105904,168.0719969,155.2123618,167.9309152,659534000,177.2300205,158.9628375,-3980159.711
81,2022-08-19,173.02999877929688,173.74000549316406,171.52000427246094,170.9748992919922,70346300,0.4118,0.4331944444444444,0.1564078282828283,67.48530594,71.97340979,0.167888763,6.168448619,168.5317312,156.1509306,168.7145362,589187700,177.3162403,160.3066191,-26215083.46
82,2022-08-22,169.69000244140625,169.86000061035156,167.57000732421875,167.03746032714844,69026800,0.0,0.3768197278911564,0.1117176870748299,58.09515583,44.2857794,0.16214051,5.55768092,168.4035014,157.0737236,169.2060912,520160900,176.3851203,162.3177409,-29432589.27
83,2022-08-23,167.0800018310547,168.7100067138672,167.22999572753906,166.6985321044922,54147100,0.4215,0.4030649872216136,0.0972665988629844,57.35534807,32.16728282,0.061123326,4.988700391,168.247034,157.9654803,169.5463851,466013800,176.3415082,162.5184946,-20581508.74
84,2022-08-24,167.32000732421875,168.11000061035156,167.52999877929688,166.99757385253906,53841500,0.383,0.5183786848072562,0.1237556689342403,57.86519125,34.44867591,0.084391411,4.509998507,168.1514293,158.8163722,169.6448212,519855300,176.260754,162.8449633,-1115202.273
85,2022-08-25,168.77999877929688,170.13999938964844,170.02999877929688,169.4896240234375,51218200,0.5267,0.4282106782106784,0.1575757575757575,61.94791098,52.55815494,0.094259921,4.282981377,168.4019052,159.625896,169.956889,571073500,176.17738,163.5969076,14796138.05
86,2022-08-26,170.57000732421875,171.0500030517578,163.6199951171875,163.09999084472656,78961000,0.6486,0.3339422095519657,0.0561789497765107,48.87200831,2.86818056,0.047482104,3.544970726,167.7643172,160.3786214,169.9058117,492112500,176.3982588,163.1974574,-19054966.99
87,2022-08-29,161.14999389648438,162.89999389648438,161.3800048828125,160.86712646484375,73314000,-0.4404,0.374909698966303,0.0848907992775917,45.27550206,9.552962899,0.026951873,2.747670046,166.9130755,161.0601699,169.5774339,418798500,177.0787377,162.0112651,-6146408.898
88,2022-08-30,162.1300048828125,162.55999755859375,158.91000366210938,158.4049835205078,77906200,-0.743,0.3635331722541025,0.1163010923185341,41.63689857,6.456879622,-0.088054605,1.894654658,165.8459993,161.6571699,168.8148368,340892300,178.1274481,159.4868403,-13208883.37
89,2022-08-31,160.30999755859375,160.5800018310547,157.22000122070312,156.7203369140625,87991100,-0.1531,0.3722222222222221,0.0798611111111111,39.30913032,0.420840895,-0.126769883,1.069931243,164.6958662,162.1596045,167.8038541,252901200,179.0749829,156.9293048,-28993219.09
90,2022-09-01,156.63999938964844,158.4199981689453,157.9600067138672,157.45799255371094,74229900,0.4767,0.4336501302018544,0.1157938166558856,40.86802245,15.31661638,-0.13503574,0.470619248,163.7977516,162.5661114,166.7083281,327131100,178.9312492,155.0530386,11704526.48
91,2022-09-02,159.75,160.36000061035156,155.80999755859375,155.3148193359375,76957800,0.5423,0.3917748917748918,0.0790769537480063,37.82787467,5.307260784,-0.231676026,-0.175801072,162.7327177,162.8744051,165.6064538,250173300,178.4443436,153.0570864,-7389151.472
92,2022-09-06,156.47000122070312,157.08999633789062,154.52999877929688,154.03887939453125,73714800,-0.0,0.4076321975515523,0.0852607294139552,36.10583786,3.739967308,-0.284803029,-0.782360471,161.6390219,163.0840055,164.4068577,176458500,177.657166,151.2014068,-9539387.02
93,2022-09-07,154.82000732421875,156.6699981689453,155.9600067138672,155.46435546875,87449600,0.4404,0.401010101010101,0.1967669115396388,39.42361649,11.03807818,-0.243772102,-1.134594576,160.8818199,163.2022888,162.8099044,263908100,175.7169951,150.4858639,17226363.29
94,2022-09-08,154.63999938964844,156.36000061035156,154.4600067138672,153.9691162109375,84923800,0.3182,0.4208179622310056,0.1113263065436978,37.23925408,8.452103299,-0.250724301,-1.517289735,160.0255781,163.2346578,161.4230885,178984300,173.4295005,149.9605032,10816156.82
95,2022-09-09,155.47000122070312,157.82000732421875,157.3699951171875,156.86985778808594,68028800,-0.6124,0.4385511455664515,0.1559452027564272,43.75060056,25.53075554,-0.146256395,-1.567695246,159.6715004,163.1956255,160.35327,247013100,171.2377967,150.1307771,23391265.2
96,2022-09-12,159.58999633789062,164.25999450683594,163.42999267578125,162.9105987548828,104956000,0.0,0.4726281613123717,0.1985013670539986,54.36799862,58.51929193,-0.029531075,-1.105902661,160.1726327,163.1125659,160.034959,351969100,170.3702617,150.4068815,33327837.25
97,2022-09-13,159.89999389648438,160.5399932861328,153.83999633789062,153.35107421875,122656600,0.0,0.3946281667931152,0.1607061037473408,41.13536609,6.314659809,-0.102009102,-1.496510428,159.3282812,162.9829026,159.2187859,229312500,169.1714839,149.6928023,-21766030.83
98,2022-09-14,154.7899932861328,157.10000610351562,155.30999755859375,154.81640625,87965400,0.6801,0.4335521597497647,0.1110531102297569,43.40906882,14.3168394,-0.118570928,-1.668222849,158.79251,162.8110153,158.5440558,317277900,167.386875,149.7316967,-9137010.498
99,2022-09-15,154.64999389648438,155.24000549316406,152.3699951171875,151.8857421875,90481100,0.8935,0.4648333061068909,0.1151394334177352,40.07505042,5.032996068,-0.18946975,-2.018274396,157.9361747,162.5952449,157.6500779,226796800,163.9995708,150.5961433,-16440033.01
100,2022-09-16,151.2100067138672,151.35000610351562,150.6999969482422,150.22105407714844,162278800,-0.2247,0.4195202384596325,0.137565226580378,38.27669732,14.66332234,-0.044152608,-2.402750255,156.971351,162.3331971,156.1698622,64518000,162.8960517,149.8539483,25197822.27
101,2022-09-19,149.30999755859375,154.55999755859375,154.47999572753906,153.98902893066406,81474200,0.0,0.4175850991114148,0.0884965823650034,44.36263868,38.45186183,0.017122733,-2.375057646,156.6391703,162.0351429,155.6526028,145992200,161.8337241,149.9305603,35995744.83
102,2022-09-20,153.39999389648438,158.0800018310547,156.89999389648438,156.40135192871094,107689800,0.7783,0.3548989898989897,0.0984280303030303,47.90415887,53.68155511,0.090319948,-2.133246687,156.6739468,161.715961,155.4404497,253682000,161.484479,149.9926612,30068589.69
103,2022-09-21,157.33999633789062,158.74000549316406,153.72000122070312,153.23146057128906,101696800,0.7717,0.4290179119126487,0.1978568580542265,43.94562296,33.6690139,0.079532507,-2.173157782,156.2800874,161.3795821,155.242906,151985200,161.2594111,149.717729,-24028692.65
104,2022-09-22,152.3800048828125,154.47000122070312,152.74000549316406,152.25457763671875,86652500,0.1058,0.4434125202643721,0.1630923431849358,42.77259145,27.50163967,0.038712776,-2.257838125,155.8080765,161.0278752,154.9800363,65332700,160.8741704,149.3572553,-12353200.09
105,2022-09-23,151.19000244140625,151.47000122070312,150.42999267578125,149.951904296875,96029900,0.25,0.4493537414965986,0.17819573283859,40.05827085,12.96411352,0.097431306,-2.482727301,155.0909986,160.6581598,154.520927,-30697200,160.9527242,148.5101293,1486473.814
106,2022-09-26,149.66000366210938,153.77000427246094,150.77000427246094,150.29083251953125,93339400,0.0,0.4409691197691195,0.1181169793169793,40.65522651,15.10389709,0.092427452,-2.603505903,154.514866,160.2712483,154.2775032,62642200,161.0117568,147.9139547,-15148965.04
107,2022-09-27,152.74000549316406,154.72000122070312,151.75999450683594,151.27769470214844,84442700,0.2263,0.3684485368911598,0.1323258935963853,42.45228721,21.33416941,0.043652409,-2.589489851,154.1475498,159.871769,154.0738458,147084900,160.7942167,147.5314931,-13607730.13
108,2022-09-28,147.63999938964844,150.63999938964844,149.83999633789062,149.36378479003906,146691400,0.0,0.410056958473625,0.0956473063973063,39.92705055,25.74665536,0.117758922,-2.702161004,153.5732094,159.4597413,153.4724531,393500,160.8223679,146.8433404,28536288.9
109,2022-09-29,146.10000610351562,146.72000122070312,142.47999572753906,142.0271759033203,128138200,-0.1779,0.2829191718775052,0.0709021514750681,32.05542757,7.633600136,0.046211006,-3.346764822,152.0941142,159.0193182,152.4552032,-127744700,161.5771689,143.9613965,-7086440.288
110,2022-09-30,141.27999877929688,143.10000610351562,138.1999969482422,137.76077270507812,124925300,-0.1779,0.3663595413595414,0.0954033579033579,28.53261809,0.887298171,-0.076525415,-4.155080938,150.2415652,158.5324626,150.7242006,-252670000,160.5985073,141.3357731,-41176101.77
111,2022-10-03,138.2100067138672,143.07000732421875,142.4499969482422,141.9972686767578,114311700,0.34,0.47158980475307,0.0699609064404983,36.04831941,22.61279723,0.052217423,-4.401994351,149.2026895,158.0009174,149.568595,-138358300,160.5691226,139.7380151,13241510.88
112,2022-10-04,145.02999877929688,146.22000122070312,146.10000610351562,145.63568115234375,87830100,0.2732,0.4474775533108866,0.1226907968574635,41.71713393,39.95250567,0.104908409,-4.254111032,148.7889984,157.4379003,148.9957548,-50528200,159.6864212,139.3050033,30834971.41
113,2022-10-05,144.07000732421875,147.3800048828125,146.39999389648438,145.93470764160156,79471000,0.0,0.4161103219696969,0.1329190340909091,42.17084714,41.37762562,0.164475401,-4.065837484,148.4704644,156.8555909,148.5729132,28942800,159.2428223,138.895745,24649912.91
114,2022-10-06,145.80999755859375,147.5399932861328,145.42999267578125,144.96780395507812,68402200,0.2732,0.3169191919191919,0.1119739057239057,41.05785982,36.76954448,0.070217415,-3.949374404,148.0650682,156.2619359,148.2688897,-39459400,158.9864664,138.3992431,-11890563.19
115,2022-10-07,142.5399932861328,143.10000610351562,140.08999633789062,139.644775390625,85925600,0.97,0.4666388192703982,0.1236180729601782,35.50274338,11.40139453,-0.025967284,-4.239103898,147.0017253,155.651409,147.5595555,-125385000,158.3096724,137.0203229,-25685875.2
116,2022-10-10,140.4199981689453,141.88999938964844,140.4199981689453,139.97372436523438,74899000,-0.9792,0.4282143972865623,0.1329909923982089,36.07832259,12.96909896,-0.061763015,-4.391466132,146.1241617,155.0234622,146.4993989,-50486000,156.4073512,136.568359,-8514414.968
117,2022-10-11,139.89999389648438,141.35000610351562,138.97999572753906,138.53829956054688,77033700,-0.0516,0.3962349456099455,0.1323234751359751,34.62620973,7.574828999,-0.020370799,-4.575665045,145.1716062,154.3766603,145.4324672,-127519700,155.188126,135.6818692,-16051179.36
118,2022-10-12,139.1300048828125,140.36000061035156,138.33999633789062,137.90032958984375,70433700,0.0,0.4689473304473304,0.1534708994708994,33.97176473,3.816758327,-0.066676412,-4.718890183,144.2607249,153.7110013,144.6165662,-197953400,153.8947153,134.9181357,-23811004.17
119,2022-10-13,134.99000549316406,143.58999633789062,142.99000549316406,142.53558349609375,113224000,0.0,0.3934245462140198,0.126426444900129,42.47840473,42.35876064,-0.013124729,-4.406386183,144.0912956,153.0400005,143.8615658,-84729400,152.76907,134.9809256,25259880.16
120,2022-10-14,144.30999755859375,144.52000427246094,138.3800048828125,137.94021606445312,88598000,0.1027,0.3833345503225022,0.1326034440793477,37.34201498,19.70520178,-0.043682043,-4.479080976,143.3297902,152.3633784,143.1080681,-173327400,151.4170717,134.5629241,-14797028.01
121,2022-10-17,141.07000732421875,142.89999389648438,142.41000366210938,141.95741271972656,85250900,-0.5106,0.4189842590898929,0.139417667621893,43.74575494,49.4161428,0.011240827,-4.163510544,143.207152,151.6923826,142.4617679,-88076500,149.2034536,135.4408291,13677110.57
122,2022-10-18,145.49000549316406,146.6999969482422,143.75,143.29315185546875,99136600,0.2263,0.4681938304012771,0.099503277455405,45.73178661,71.2225223,-0.067827243,-3.761927045,143.2795317,151.0388284,141.8795128,11060100,147.4576019,136.3166814,8048449.211
123,2022-10-19,141.69000244140625,144.9499969482422,143.86000061035156,143.40280151367188,61758300,0.7269,0.3891061879297173,0.1721842373312961,45.90063588,72.05775864,-0.010975101,-3.395650156,143.3569276,150.4113695,141.810477,72818400,147.6428142,136.3286126,11263654.48
124,2022-10-20,143.02000427246094,145.88999938964844,143.38999938964844,142.93429565429688,64522000,0.743,0.4550592328818134,0.0774234278266536,45.25276661,68.48903209,0.056855327,-3.107477192,143.3613372,149.8147442,142.1479312,8296400,147.6405313,137.0723244,-6830544.295
125,2022-10-21,142.8699951171875,147.85000610351562,147.27000427246094,146.80197143554688,86548600,0.5574,0.4206218226218226,0.1032053502053502,51.35669866,95.6973193,0.04010667,-2.536771748,143.8824928,149.2611501,142.5415992,94845000,148.5610198,136.8404084,18935190.0
126,2022-10-24,147.19000244140625,150.22999572753906,149.4499969482422,148.9750213623047,75981900,0.6369,0.3954373508111825,0.1311834971881701,54.43085426,95.0819751,0.014787697,-1.886826223,144.6248267,148.7629159,142.7140824,170826900,149.5602531,136.3197452,21619356.33
127,2022-10-25,150.08999633789062,152.49000549316406,152.33999633789062,151.85585021972656,74732300,0.0,0.4069809449809447,0.143045362045362,58.20209868,99.17213538,0.035926882,-1.12556609,145.653516,148.3334084,143.0867479,245559200,151.4223829,135.3061872,26991195.73
128,2022-10-26,150.9600067138672,151.99000549316406,149.35000610351562,148.87535095214844,88194300,0.7717,0.4245915710864165,0.0949720697401109,53.28845537,82.67109497,0.058272159,-0.754827985,146.1463813,147.9719201,143.4251399,157364900,152.2254846,135.0630874,-4212756.443
129,2022-10-27,148.07000732421875,149.0500030517578,144.8000030517578,144.33981323242188,109180200,0.7056,0.4208152336169578,0.0884286833855799,46.81185062,57.56071723,0.036889907,-0.818724837,145.9668642,147.6647567,143.8518964,48184700,152.3447113,135.6167188,-32424191.81
130,2022-10-28,148.1999969482422,157.5,155.74000549316406,155.24505615234375,164762400,0.0,0.4136210834459241,0.0911857427780994,59.5436854,92.39085977,0.110706413,0.013250473,147.2699497,147.4270242,145.3502276,212947100,155.1275099,135.0224927,17621146.97
131,2022-10-31,153.16000366210938,154.24000549316406,153.33999633789062,152.8526611328125,97943200,-0.8271,0.3588226420044602,0.129167445559491,56.35654888,82.01468749,0.156995317,0.473478255,148.0792893,147.2600564,146.299208,115003900,156.384087,135.8173443,10116098.57
132,2022-11-01,155.0800018310547,155.4499969482422,150.64999389648438,150.17120361328125,80379300,0.0,0.4317895940537451,0.1394582618639222,52.93640882,70.38476153,0.169110501,0.614072725,148.4220499,147.1553027,147.0393902,34624600,156.5382468,137.4217556,-14131896.68
133,2022-11-02,148.9499969482422,152.1699981689453,145.02999877929688,144.56907653808594,93604600,0.6303,0.4796863189720332,0.1203325774754346,46.57671377,35.42204662,0.021154817,0.268908409,147.9697764,147.0911006,147.6650262,-58980000,156.4965725,137.7548575,-39027577.58
134,2022-11-03,142.05999755859375,142.8000030517578,138.8800048828125,138.43862915039062,97918500,0.0,0.3918234064785789,0.0911442006269592,40.8001799,0.693359375,0.014474628,-0.495181761,146.7578069,147.0369524,147.5950233,-156898500,156.4015874,137.9212711,-45285835.08
135,2022-11-04,142.08999633789062,142.6699981689453,138.3800048828125,138.16903686523438,140814800,0.1078,0.4466666666666667,0.0682983682983683,40.36190147,17.30104172,-0.029865365,-1.128070848,145.6407666,146.9714601,146.999668,-297713300,156.9050816,136.8420628,-16140774.56
136,2022-11-07,137.11000061035156,139.14999389648438,138.9199981689453,138.7082061767578,83374600,0.6124,0.3801562797789212,0.0997802145443655,41.09780777,19.63665331,0.022259753,-1.567992226,144.7446641,146.8826806,146.6744993,-214338700,157.272945,135.7841992,21838597.68
137,2022-11-08,140.41000366210938,141.42999267578125,139.5,139.28733825683594,89908500,0.2732,0.3716555801921655,0.0631497905888149,41.92670537,22.14531228,0.006282394,-1.848523163,144.0453756,146.7655563,146.3425054,-124430200,157.4924913,134.9417956,12949428.89
138,2022-11-09,138.5,138.5500030517578,134.8699951171875,134.6643829345703,74917800,0.0,0.4390417331206803,-0.0064859117490696,37.40190041,2.119335371,-0.015318697,-2.416591686,142.8219915,146.6074752,145.8846116,-199348000,158.2638602,132.9532833,-12911688.31
139,2022-11-10,141.24000549316406,146.8699951171875,146.8699951171875,146.64608764648438,118854000,-0.2716,0.4276314207235261,0.1125248411432622,51.89301389,54.02246052,0.022153291,-1.876855154,143.3617253,146.4310364,145.7564486,-80494000,158.2219541,132.9380452,35966280.61
140,2022-11-11,145.82000732421875,150.00999450683594,149.6999969482422,149.47177124023438,93979700,-0.1621,0.45610818933133,0.1882909377124252,54.56434404,66.26295545,0.047206992,-1.206840856,144.2068282,146.2589699,145.7566864,13485700,158.262313,132.9334006,41490458.27
141,2022-11-14,148.97000122070312,150.27999877929688,148.27999877929688,148.05393981933594,73374100,0.0,0.3346200096200096,0.0923928646584896,52.97479315,60.12109356,-0.021803366,-0.781423915,144.7499176,146.1029011,145.608722,-59888400,157.5193225,133.0963914,3942632.173
142,2022-11-15,152.22000122070312,153.58999633789062,150.0399932861328,149.81124877929688,89868300,0.4215,0.4039141414141414,0.0809926184926184,54.73489282,67.73352816,-0.026950579,-0.298816506,145.455261,145.9741626,145.6734409,29979900,157.6388326,133.0754509,-14123440.29
143,2022-11-16,149.1300048828125,149.8699951171875,148.7899932861328,148.5631561279297,64218300,-0.1531,0.4738609307359307,0.0978517316017316,53.21155617,62.32695262,0.038072782,-0.017015071,145.899892,145.8761453,145.7879807,-34238400,158.0434852,133.2407969,-5136310.629
144,2022-11-17,146.42999267578125,151.47999572753906,150.72000122070312,150.490234375,80389400,0.9623,0.517674512987013,0.157476927008177,55.28101742,77.55103223,0.003550857,0.35792418,146.5425732,145.814371,145.0009667,46151000,156.7514679,133.8156707,13964963.46
145,2022-11-18,152.30999755859375,152.6999969482422,151.2899932861328,151.05935668945312,74829600,0.93,0.5187265512265512,0.1194155844155844,55.90136944,80.25626375,-0.015819409,0.693070548,147.1755626,145.7921706,144.7407661,120980600,156.2362445,134.0380366,1440465.95
146,2022-11-21,150.16000366210938,150.3699951171875,148.00999450683594,147.7843475341797,58724100,-0.1027,0.4866071428571428,0.1140219155844155,51.4760835,70.95260639,-0.019462213,0.686099047,147.2868202,145.8020672,144.4732204,62256500,155.752395,134.1447433,-17624607.26
147,2022-11-22,148.1300048828125,150.4199981689453,150.17999267578125,149.95103454589844,51804100,-0.6597,0.5301305916305915,0.0818542568542568,54.06677781,82.24880178,0.09511415,0.845923519,147.6725765,145.8427541,144.4478197,114060600,156.4519031,134.1809486,4989828.223
148,2022-11-23,149.4499969482422,151.8300018310547,151.07000732421875,150.83970642089844,58301400,-0.25,0.3982522796352585,0.1758738601823708,55.12502474,86.88188373,0.197521506,1.032500288,148.1255673,145.9138979,145.1316662,172362000,157.0769542,135.2973264,6798098.365
149,2022-11-25,148.30999755859375,148.8800048828125,148.11000061035156,147.8842010498047,35195900,0.0516,0.4415094339622643,0.197562893081761,50.92303837,71.15791722,0.226333385,0.930786391,148.1234917,146.0066164,146.1236741,137166100,156.8970125,136.8672676,1093087.65
150,2022-11-28,145.13999938964844,146.63999938964844,144.22000122070312,144.00013732910156,69246000,-0.7269,0.44247252997253,0.0949674324674324,45.9643328,50.68423623,0.126956291,0.530175423,147.6030263,146.104639,146.693697,67920100,156.4059945,138.1154288,-13418501.71
151,2022-11-29,144.2899932861328,144.80999755859375,141.1699981689453,140.9547882080078,83763800,0.3612,0.4691411695648982,0.089902964267371,42.47217441,34.63158858,0.074391567,-0.033040542,146.7452892,146.1896541,146.9518312,-15843700,156.1532624,138.6067321,-24308548.18
152,2022-11-30,141.39999389648438,148.72000122070312,148.02999877929688,147.8043212890625,111380900,0.2732,0.4212804335144761,0.1156034125449019,51.41341728,60.53939671,0.219305563,0.073306436,146.9165838,146.2664331,147.5987095,95537200,153.6904877,142.9495074,19751431.15
153,2022-12-01,148.2100067138672,149.1300048828125,148.30999755859375,148.08389282226562,71250400,-0.3818,0.5066675154910449,0.1583587980646804,51.74309987,60.12082573,0.137113915,0.178127401,147.1023723,146.3389639,148.0005242,166787600,153.7331428,143.1125669,14443721.3
154,2022-12-02,145.9600067138672,148.0,147.80999755859375,147.58465576171875,65447400,0.0,0.3925059749278499,0.1435727250180375,51.07659981,56.3443879,0.11193437,0.218336107,147.1967224,146.4086915,147.9419056,101340200,153.5573467,143.018363,20499540.7
155,2022-12-05,147.77000427246094,150.9199981689453,146.6300048828125,146.40646362304688,68826400,0.5106,0.4016408300694012,0.1174418332989761,49.45749899,47.43204993,0.095942687,0.153220024,147.12116,146.4737309,147.87627,32513800,153.508279,142.8317173,-10928849.63
156,2022-12-06,147.07000732421875,147.3000030517578,142.91000366210938,142.692138671875,64727200,0.1779,0.4973214285714284,0.0806547619047619,44.6519721,20.72874054,0.094366935,-0.196295181,146.5596725,146.5241105,147.3496527,-32213400,153.5229364,141.79849,-21222439.22
157,2022-12-07,142.19000244140625,143.3699951171875,140.94000244140625,140.7251434326172,69721100,0.3182,0.3689968761397334,0.1079339311482169,42.30755497,7.401595805,0.050988849,-0.625045993,145.8103832,146.5492627,146.8351636,-101934500,153.8563911,140.343608,-20297036.64
158,2022-12-08,142.36000061035156,143.52000427246094,142.64999389648438,142.43252563476562,62128300,0.0,0.3906983367509684,0.0900812637654742,45.00664034,20.86609869,0.009653553,-0.817429265,145.3889979,146.5475279,146.3228602,-39806200,153.3230924,139.7240485,-2710486.553
159,2022-12-09,142.33999633789062,145.57000732421875,142.16000366210938,141.9432830810547,76097000,-0.4019,0.518269751082251,0.2057562229437229,44.36612819,18.25869254,-0.024762538,-0.997929007,144.9584654,146.5179748,145.6508031,-115903200,152.465476,139.2773807,-11971174.55
160,2022-12-12,142.6999969482422,144.5,144.49000549316406,144.2697296142578,70462700,0.5859,0.470440943391763,0.1111270787500296,48.14526585,37.9543939,0.096503353,-0.942104681,144.8960041,146.4669422,145.2947944,-45440500,152.1366817,139.1033194,18765426.37
161,2022-12-13,149.5,149.97000122070312,145.47000122070312,145.24822998046875,93886200,0.5719,0.3516064001358118,0.1018684746625923,49.69313168,46.23838017,-0.005771426,-0.809455141,144.972537,146.4020438,145.2125192,48445700,151.2902204,139.2769248,-9704040.564
162,2022-12-14,145.35000610351562,146.66000366210938,143.2100067138672,142.99168395996094,82291200,0.0,0.410530303030303,0.0759641873278237,46.26347214,29.39567081,-0.048254235,-0.876587341,144.737533,146.3237065,144.7741897,-33845500,149.86811,139.5761779,-10085423.27
163,2022-12-15,141.11000061035156,141.8000030517578,136.5,136.29190063476562,98931900,0.4019,0.5149080086580087,0.1485119047619048,37.8998818,3.156489187,-0.125576165,-1.454465385,143.6391952,146.2171419,144.0627811,-132777400,150.1988974,137.5868191,-29009845.28
164,2022-12-16,136.69000244140625,137.64999389648438,134.50999450683594,134.304931640625,160156900,0.0,0.3962174940898345,0.0473941543090479,35.83102801,4.537514069,-0.169206923,-2.049390611,142.4219685,146.0696303,142.8318879,-292934300,151.1343437,135.2642289,-38443687.53
165,2022-12-19,135.11000061035156,135.1999969482422,132.3699951171875,132.16819763183594,79592600,0.0,0.4994217383923267,0.1589943553178847,33.70056875,5.357083079,-0.155807752,-2.662857442,141.0817054,145.8701585,142.2148177,-372526900,152.2513593,132.8900701,-19746932.78
166,2022-12-20,131.38999938964844,133.25,132.3000030517578,132.0983123779297,77432800,0.0,0.4092603174603176,0.1053111111111111,33.63013798,11.45983738,-0.212085525,-3.118731307,139.9108117,145.6143891,141.1621668,-449959700,151.949008,130.9452791,12020889.09
167,2022-12-21,132.97999572753906,136.80999755859375,135.4499969482422,135.24349975585938,85928000,0.8126,0.430205494094383,0.1604941611886056,39.734491,26.43841123,-0.206380789,-3.189074779,139.3160364,145.3103071,140.2816059,-364031700,150.713522,130.3436221,22242057.22
168,2022-12-22,134.35000610351562,134.55999755859375,132.22999572753906,132.02841186523438,77852100,0.3182,0.4631931635192504,0.1547965158834724,36.08122719,11.12694472,-0.257419053,-3.464710647,138.371231,144.9585464,139.3687982,-441883800,149.5797285,129.2517011,13051688.13
169,2022-12-23,130.9199981689453,132.4199981689453,131.86000061035156,131.6589813232422,63814900,0.0,0.35998400998401,0.1215387465387465,35.67533927,10.91982794,-0.186349928,-3.670696073,137.5030669,144.5617931,138.429059,-505698700,148.3754977,128.3459313,22555903.54
170,2022-12-27,131.3800048828125,131.41000366210938,130.02999877929688,129.83177185058594,69007800,0.4019,0.4944334230948404,0.0416541114178909,33.65855031,6.164694393,-0.152162319,-3.936232423,136.5066579,144.120585,137.6225964,-574706500,147.9681039,126.9133244,11697577.55
171,2022-12-28,129.6699981689453,131.02999877929688,126.04000091552734,125.8478546142578,85438400,0.765,0.4298689470820618,0.116401722139427,29.71430642,0.705386638,-0.191545504,-4.417706802,135.1111036,143.62902,136.677348,-660144900,148.2057401,124.5471166,-18630156.6
172,2022-12-29,127.98999786376952,130.47999572753906,129.61000061035156,129.41241455078125,75703700,0.3818,0.4537108195355616,0.0758737596881927,36.84536175,15.51866432,-0.180725334,-4.45979978,134.3776232,143.0953309,135.91059,-584441200,147.2050447,123.6849558,4897141.042
173,2022-12-30,128.41000366210938,129.9499969482422,129.92999267578125,129.73191833496094,77034200,0.0,0.3774747474747474,0.1870454545454545,37.45787462,16.84643231,-0.088022868,-4.416428248,133.7846058,142.5289471,135.0300388,-507407000,146.0192663,123.1235898,29351746.46
174,2023-01-03,130.27999877929688,130.89999389648438,125.06999969482422,124.87932586669922,112117500,-0.0,0.453565359873771,0.0914451592021685,32.32939471,3.488377595,-0.207873319,-4.719809784,132.6226583,141.927418,133.8044819,-619524500,144.1861824,122.1823871,-13566631.28
175,2023-01-04,126.88999938964844,128.66000366210938,126.36000061035156,126.16736602783205,89113600,0.6908,0.3667588042588043,0.0600521381771381,34.87805499,9.73766966,-0.185840992,-4.800808808,131.7876373,141.2953402,132.3214537,-530410900,140.9718488,122.6667206,-11836998.91
176,2023-01-05,127.12999725341795,127.7699966430664,125.0199966430664,124.82939910888672,80962700,0.0,0.3798656735421442,0.0580990578049401,33.46798022,4.821317293,-0.223369719,-4.916454414,130.8852852,140.6355118,131.1387466,-611373600,137.8107114,123.2292852,-23285258.32
177,2023-01-06,126.01000213623048,130.2899932861328,129.6199951171875,129.42239379882812,87754700,0.2057,0.4017269767269767,0.0829550079550079,42.11891146,40.43025724,-0.103641877,-4.58408053,130.7165799,139.9635708,130.3680529,-523618900,136.5249264,123.5322123,16451949.43
178,2023-01-09,130.47000122070312,133.41000366210938,130.14999389648438,129.9515838623047,70790800,0.0,0.417800024050024,0.1557569745069745,43.03792065,47.31009507,-0.07995565,-4.229154302,130.6410351,139.2931345,129.7199578,-452828100,135.7238759,123.7104055,-8977692.479
179,2023-01-10,130.25999450683594,131.25999450683594,130.72999572753906,130.53070068359375,63896200,0.0,0.4010093384483628,0.108781338354509,44.08422183,51.89871737,-0.01048717,-3.856614754,130.6528965,138.6359581,129.5069363,-388931900,135.4573294,123.7426665,14099810.04
180,2023-01-11,131.25,133.50999450683594,133.49000549316406,133.2864990234375,69458900,0.9976,0.4141496598639455,0.2588017934446506,48.8948469,73.73423872,0.020912527,-3.300617295,131.0311777,138.0071495,129.5325281,-319473000,135.7281794,123.6418168,30602255.05
181,2023-01-12,133.8800048828125,134.25999450683594,133.41000366210938,133.2066192626953,71379600,-0.6808,0.4630622710622711,0.0774955044955044,48.76388667,88.93172316,0.021180746,-2.83377479,131.3483545,137.4164658,129.3315173,-390852600,135.098404,123.9801646,21780713.32
182,2023-01-13,132.02999877929688,134.9199981689453,134.75999450683594,134.55455017089844,57809700,0.3818,0.469423185941043,0.0859329906204906,51.14197425,98.51159384,0.076910709,-2.328029686,131.8032398,136.8730061,129.3511883,-333042900,135.7608599,123.6791371,23759886.49
183,2023-01-17,134.8300018310547,137.2899932861328,135.94000244140625,135.73275756835938,63646600,0.0,0.4005166217430367,0.0733368047047292,53.18726237,89.71043181,0.050072528,-1.811128705,132.3548082,136.3844839,129.6163442,-269396300,136.7862089,123.2366455,8769165.056
184,2023-01-18,136.82000732421875,138.61000061035156,135.2100067138672,135.00387573242188,69672800,-0.5046,0.4769181612038754,0.082675221603793,51.74415076,76.45433988,-0.006593669,-1.443742937,132.7355013,135.9526786,130.0204757,-339069100,137.6664439,123.0964116,-21047886.18
185,2023-01-19,134.0800018310547,136.25,135.27000427246094,135.06378173828125,58280400,0.0,0.443474641889276,0.1268822370041882,51.85976158,76.86983537,0.081081066,-1.134666044,133.073435,135.5771583,130.4964653,-280788700,138.3054051,123.7760223,-7504804.89
186,2023-01-20,135.27999877929688,138.02000427246094,137.8699951171875,137.65980529785156,80223600,0.2023,0.4884559884559885,0.0999098124098124,56.70092799,94.87530909,0.124534601,-0.672174439,133.7129764,135.2619599,131.057733,-200565100,139.6384568,123.6229699,18339937.79
187,2023-01-23,138.1199951171875,143.32000732421875,141.11000061035156,140.89488220214844,81760300,-0.2732,0.4843433160646274,0.1427617509994559,61.84964444,88.45950048,0.066518953,-0.043701382,134.6992463,135.015207,131.9520542,-118804800,141.7255248,123.1330459,8534873.946
188,2023-01-24,140.30999755859375,143.16000366210938,142.52999877929688,142.31271362304688,66435100,0.0,0.3734990966083403,0.1173570185650017,63.87700441,95.74348963,0.18750136,0.562466268,135.7433466,134.8428129,133.1928435,-52369700,143.3653091,123.9875471,10773707.5
189,2023-01-25,140.88999938964844,142.42999267578125,141.86000061035156,141.64373779296875,65799300,0.7845,0.6737547892720306,0.1177681992337164,62.19752044,92.13358671,0.263259957,0.977526922,136.5589005,134.743834,134.300781,-118169000,144.417447,125.1496949,13227609.42
190,2023-01-26,143.1699981689453,144.25,143.9600067138672,143.74053955078125,54105100,0.6652,0.4614714933592485,0.1114148040168448,65.27897314,98.50210084,0.382715596,1.45909884,137.5457146,134.719301,135.5233338,-64063900,145.2091026,127.063755,11652390.04
191,2023-01-27,143.16000366210938,147.22999572753906,145.92999267578125,145.70751953125,70555800,0.4939,0.3899452474049247,0.1020207838756225,67.9206969,93.19726316,0.347704167,1.976920746,138.6636184,134.7709953,136.9373871,6491900,146.901217,127.7016403,5366904.356
192,2023-01-30,144.9600067138672,145.5500030517578,143.0,142.78199768066406,64015300,-0.9265,0.4454761904761905,0.180952380952381,60.54260544,77.86501521,0.353879366,2.126361049,139.2418026,134.8893044,137.8434396,-57523400,147.3544928,129.0840797,-24182484.47
193,2023-01-31,142.6999969482422,144.33999633789062,144.2899932861328,144.0700225830078,65874500,0.4215,0.4878924963924963,0.1539058441558441,62.47530637,82.46866805,0.37480576,2.32211732,139.9148947,135.0675115,138.7810681,8351100,147.8020017,130.5737132,3975489.614
194,2023-02-01,143.97000122070312,146.61000061035156,145.42999267578125,145.20828247070312,77663600,-0.1027,0.3660815865421128,0.1232737620566568,64.14665769,88.60035581,0.34460379,2.539964864,140.6502411,135.3006134,139.707705,86014700,148.5935382,131.4878892,8877530.253
195,2023-02-02,148.89999389648438,151.17999267578125,150.82000732421875,150.590087890625,118339000,0.7506,0.4143686868686869,0.1064550264550264,70.77462923,98.15581171,0.390371128,3.11167035,142.0062099,135.5949094,141.4185218,204353700,150.643835,131.9247358,25035953.35
196,2023-02-03,148.02999877929688,157.3800048828125,154.5,154.26446533203125,154357300,0.1154,0.4283319774930513,0.1622371848881915,74.27169539,87.80175854,0.364180854,3.817687792,143.6720486,135.959552,143.4958468,358711000,153.5288788,131.8596928,20214477.1
197,2023-02-06,152.57000732421875,153.10000610351562,151.72999572753906,151.49868774414062,69858300,-0.6908,0.4734988275613275,0.1156171085858586,67.70450573,76.06942393,0.342142748,4.106359945,144.7464415,136.3896505,144.4764536,288852700,154.894299,132.7499859,-7110860.122
198,2023-02-07,150.63999938964844,155.22999572753906,154.64999389648438,154.4142303466797,83322600,0.0,0.432567925495557,0.0586356990962254,70.65057308,88.43705669,0.450428473,4.518665788,146.0669152,136.8847425,145.6679444,372175300,156.4884277,133.9329983,6192696.141
199,2023-02-08,153.8800048828125,154.5800018310547,151.9199981689453,151.6884002685547,64120100,0.0,0.4765450067174205,0.2428608747574264,64.70739526,76.42484521,0.404957297,4.572425228,146.8473263,137.4337242,146.6154322,308055200,156.703246,136.0967506,-20166927.18
200,2023-02-09,153.77999877929688,154.3300018310547,150.8699951171875,150.63999938964844,56007100,0.4404,0.5346452328159647,0.1931448632668145,62.52870376,66.58107755,0.306809199,4.47867611,147.3836821,138.0229586,147.613098,252048100,156.6895477,137.9675916,-31408194.42
201,2023-02-10,149.4600067138672,151.33999633789062,151.00999450683594,151.00999450683594,57450700,-0.4404,0.4030640875878971,0.13836379669713,62.70899151,65.69731899,0.336716841,4.365354945,147.8671904,138.6405477,148.2930689,309498800,156.8929814,139.1784428,-6844171.179
202,2023-02-13,150.9499969482422,154.25999450683594,153.85000610351562,153.85000610351562,62199000,0.5994,0.4415862889547099,0.1671410217462849,66.25585578,80.99085952,0.347236197,4.453376553,148.6648992,139.2826364,148.9621598,371697800,157.6097905,140.0787776,6170047.71
203,2023-02-14,152.1199951171875,153.77000427246094,153.1999969482422,153.1999969482422,61707600,0.5106,0.4492666666666666,0.1219,64.73815962,73.97254938,0.341456301,4.419736039,149.2695789,139.942462,149.6669803,309990200,157.7594142,141.5491534,7943562.245
204,2023-02-15,153.11000061035156,155.5,155.3300018310547,155.3300018310547,65573800,0.34,0.4438845350052245,0.1555734064785789,67.37541042,87.23534643,0.353030415,4.512927069,150.0776353,140.6182452,150.2852631,375564000,158.4033367,142.5295159,14161386.7
205,2023-02-16,153.50999450683594,156.3300018310547,153.7100067138672,153.7100067138672,68167900,0.25,0.3982750582750582,0.1766317016317016,63.48635071,77.1482022,0.280783883,4.405280236,150.5619515,141.3026105,150.8734349,307396100,158.6958262,143.3484569,-19188463.61
206,2023-02-17,152.35000610351562,153.0,152.5500030517578,152.5500030517578,59144100,-0.0258,0.4855873550317994,-0.0193135054246165,60.78089389,69.92526423,0.367884824,4.17820302,150.827025,141.9859677,151.3691396,248252000,157.9735786,145.4349907,-3696829.387
207,2023-02-21,150.1999969482422,151.3000030517578,148.47999572753906,148.47999572753906,58867200,0.4588,0.3976942183499559,0.081866203013744,52.35127365,44.58274901,0.258008936,3.628005723,150.5140878,142.650856,151.7412698,189384800,157.1231262,146.8840149,-25787548.46
208,2023-02-22,148.8699951171875,149.9499969482422,148.91000366210938,148.91000366210938,51011300,-0.8689,0.4158470418470417,0.1192154882154882,53.09148976,17.12328563,0.235528567,3.189897297,150.3002099,143.2862495,152.1388018,240396100,156.2957505,148.208535,-10526636.39
209,2023-02-23,150.08999633789062,150.33999633789062,149.39999389648438,149.39999389648438,48394200,0.0,0.4615072805981898,0.0609759937032664,53.96900216,21.91771005,0.178754073,2.849385388,150.1801811,143.8860594,152.2368826,288790300,156.3989862,147.9024402,-1397186.988
210,2023-02-24,147.11000061035156,147.19000244140625,146.7100067138672,146.7100067138672,55469600,0.0,0.4394505004799122,0.0771613190730837,48.59452266,9.330871218,0.150498417,2.335545054,149.7174912,144.4402532,151.690811,233320700,156.4615211,146.7270492,2528117.412
211,2023-02-27,147.7100067138672,149.1699981689453,147.9199981689453,147.9199981689453,44998500,-0.0258,0.4235328282828282,0.1038896103896104,50.96021028,20.73512556,0.145694971,2.002871232,149.4778254,144.9460711,151.4869704,278319200,156.5418867,146.1023982,-8712182.553
212,2023-02-28,147.0500030517578,149.0800018310547,147.41000366210938,147.41000366210938,50547000,0.4588,0.4842857142857142,0.2323544973544973,49.91748812,15.92839156,0.043690345,1.678721283,149.2021159,145.4016596,151.043997,227772200,156.0380324,145.5719683,-13816932.62
213,2023-03-01,146.8300018310547,147.22999572753906,145.30999755859375,145.30999755859375,55479000,0.0,0.5527056277056278,0.1891053391053391,45.76498071,2.650201923,0.038417261,1.238105066,148.6831668,145.8021951,150.5595414,172293200,156.2290343,144.4366805,-19739236.6
214,2023-03-02,144.3800048828125,146.7100067138672,145.91000366210938,145.91000366210938,52238100,0.7389,0.3560682110682111,0.1146954096954097,47.11855106,16.17062335,0.121519326,0.926647206,148.3134117,146.1476856,150.1329569,224531300,156.2848735,143.6722711,-328894.9895
215,2023-03-03,148.0399932861328,151.11000061035156,151.02999877929688,151.02999877929688,70732300,-0.2732,0.4924372294372293,0.1375772005772005,56.98423593,57.36122551,0.15453158,1.080500092,148.6756233,146.4521284,150.0778594,295263600,156.2872455,143.6727568,22037500.52
216,2023-03-06,153.7899932861328,156.3000030517578,153.8300018310547,153.8300018310547,87558000,-0.3472,0.2718531902879729,0.0303067632850241,61.24268287,79.88738211,0.015245859,1.412088778,149.3628738,146.7325455,150.3278263,382821600,156.2823172,143.6748274,-12969425.8
217,2023-03-07,153.6999969482422,154.02999877929688,151.60000610351562,151.60000610351562,56182000,0.34,0.3948339689411118,0.1695631914381914,56.44960265,61.94696132,-0.076243161,1.477896906,149.6611581,146.995234,150.2882218,326639600,155.9856506,143.7429238,-17592826.83
218,2023-03-08,152.80999755859375,153.47000122070312,152.8699951171875,152.8699951171875,47204800,0.0,0.4786490683229814,0.2336685958968568,58.44427676,72.16408282,-0.13306799,1.613923516,150.089003,147.2475426,150.0824837,373844400,155.2915512,144.0855937,-1773563.564
219,2023-03-09,153.55999755859375,154.5399932861328,150.58999633789062,150.58999633789062,53833600,-0.8271,0.4224647335423198,0.1329558516196447,53.68991846,53.95159276,-0.126815531,1.520224535,150.1558021,147.4887568,149.8211446,320010800,154.6431964,144.2882328,-13437806.32
220,2023-03-10,150.2100067138672,150.94000244140625,148.5,148.5,68572400,0.8044,0.270196158008658,0.0585037878787878,49.69882724,37.09679603,-0.208090842,1.262765803,149.9350285,147.7134248,149.5815737,251438400,154.0774569,144.2754004,-12876261.24
221,2023-03-13,147.80999755859375,153.13999938964844,150.47000122070312,150.47000122070312,84457100,0.0,0.3695906432748538,0.1652777777777778,53.22813288,52.98389091,-0.132011075,1.203813721,150.0063582,147.9229386,149.6821007,335895500,154.2459217,144.3912221,-826186.9737
222,2023-03-14,151.27999877929688,153.39999389648438,152.58999633789062,152.58999633789062,73695900,0.5267,0.453416149068323,0.1642080745341615,56.74533377,70.08061311,-0.099597374,1.313023938,150.3508433,148.1234696,149.9464036,409591400,154.7787822,144.3840749,15621992.93
223,2023-03-15,151.19000244140625,153.25,152.99000549316406,152.99000549316406,77167900,-0.6908,0.4894522144522145,0.072027972027972,57.39633112,73.30649101,-0.043867514,1.415533824,150.7027316,148.3199441,150.1840781,486759300,155.3205213,144.3551946,29712440.56
224,2023-03-16,152.16000366210938,156.4600067138672,155.85000610351562,155.85000610351562,76161100,0.7997,0.4905599776567519,0.0929461667364893,61.82073438,95.1433122,-0.000982102,1.707864595,151.3890349,148.52208,150.7873808,562920400,156.4812778,144.5001522,30155642.89
225,2023-03-17,156.0800018310547,156.74000549316406,155.0,155.0,98944600,0.5719,0.4572222222222222,0.0191111111111111,59.83197765,86.44856759,-0.022568169,1.849629076,151.8704969,148.7334338,151.3833098,463975800,157.2242141,144.7686448,-3557551.929
226,2023-03-20,155.07000732421875,157.82000732421875,157.39999389648438,157.39999389648438,73641400,0.9432,0.4579406704406705,0.0716058247308247,63.41104812,96.98266507,0.061248477,2.131072224,152.6077631,148.9610611,151.9531433,537617200,158.4024945,145.0175059,14095954.04
227,2023-03-21,157.32000732421875,159.39999389648438,159.27999877929688,159.27999877929688,73938300,0.0,0.3347334956709957,0.116707251082251,65.96903102,99.22583795,0.168947267,2.477262291,153.4973946,149.2126803,152.7735558,611555500,159.4514884,145.9642264,23519933.16
228,2023-03-22,159.3000030517578,162.13999938964844,157.8300018310547,157.8300018310547,75701800,0.5994,0.4556564320453209,0.0814213564213564,62.3485457,70.89805355,0.069260354,2.604593643,154.0750755,149.4881169,153.6289806,535853700,159.6313408,147.4872309,-20179063.77
229,2023-03-23,158.8300018310547,161.5500030517578,158.92999267578125,158.92999267578125,67622100,-0.1265,0.5010973370064279,0.2428191000918273,63.96426793,77.90772895,-0.020877874,2.762421253,154.7223978,149.7880543,154.2779813,603475800,160.6050575,147.6420848,-19973944.91
230,2023-03-24,158.86000061035156,160.33999633789062,160.25,160.25,59196500,0.7783,0.4304152637485971,0.2001122334455668,65.85769977,86.99243256,0.099842772,2.959894509,155.4594114,150.1141647,154.5678213,662672300,161.7840618,147.380223,7016352.163
231,2023-03-27,159.94000244140625,160.77000427246094,158.27999877929688,158.27999877929688,52390300,0.0,0.4184920634920634,0.1174603174603174,60.7292176,73.43426748,0.10062989,2.923727936,155.8354898,150.4608223,154.9350765,610282000,162.2927476,147.8258219,-12009857.61
232,2023-03-28,157.97000122070312,158.49000549316406,157.64999389648438,157.64999389648438,45992200,-0.0263,0.4252795815295815,0.1164953102453102,59.14305342,69.09837667,0.103346608,2.811816666,156.0774236,150.8210514,155.1557453,564289800,162.6398372,148.1615893,-1906377.532
233,2023-03-29,159.3699951171875,161.0500030517578,160.77000427246094,160.77000427246094,51305700,0.1027,0.4109040404040402,0.056520202020202,64.13851404,90.57126475,0.184576501,2.940983118,156.7031011,151.1961932,155.6154133,615595500,163.3330367,148.9226766,8508234.959
234,2023-03-30,161.52999877929688,162.47000122070312,162.36000061035156,162.36000061035156,49501700,0.0,0.3849665831244779,0.1251446324143692,66.39356736,99.25524321,0.263625303,3.135503742,157.4573543,151.589276,156.4179313,665097200,163.6345427,150.6011707,13911141.85
235,2023-03-31,162.44000244140625,165.0,164.89999389648438,164.89999389648438,68749800,0.5719,0.5068995859213249,0.2176863354037267,69.6742295,99.33682963,0.334480458,3.454794252,158.4497063,152.006488,157.5006239,733847000,164.6979362,151.5992047,22452849.09
236,2023-04-03,164.27000427246094,166.2899932861328,166.1699981689453,166.1699981689453,56976200,-0.6124,0.411293204150347,0.1477435923864495,71.18869479,99.26698135,0.354371798,3.766890641,159.4790785,152.4527066,158.4305978,790823200,166.0961392,152.141002,19474000.57
237,2023-04-04,166.60000610351562,166.83999633789062,165.6300048828125,165.6300048828125,46278300,0.9701,0.3750714855320117,0.169229608111187,69.59719324,92.0395283,0.273348775,3.925406688,160.299202,152.9273596,159.3631503,744544900,166.8631062,153.1797492,-5414810.392
238,2023-04-05,164.74000549316406,165.0500030517578,163.75999450683594,163.75999450683594,51511700,0.0,0.4239119303635432,0.1540354582693292,64.24108617,75.72891065,0.228006826,3.855691576,160.760641,153.4231351,160.0215306,693033200,167.2612616,153.9115922,-5852700.205
239,2023-04-06,162.42999267578125,164.9600067138672,164.66000366210938,164.66000366210938,45390100,0.4255,0.4519005994005994,0.1682885864135864,65.61273444,82.82118001,0.337303353,3.828927571,161.2805561,153.9352051,160.8013508,738423300,167.4791321,155.0737222,2636220.793
240,2023-04-10,161.4199981689453,162.02999877929688,162.02999877929688,162.02999877929688,47716900,0.0571,0.4824796390050627,0.1439997431946584,58.54554683,55.70904891,0.336893961,3.55452316,161.3804817,154.452187,161.2400389,690706400,167.429938,155.7843455,9537167.525
241,2023-04-11,162.35000610351562,162.36000061035156,160.8000030517578,160.8000030517578,47644200,0.2732,0.3800338325338325,0.0141488241488241,55.53295037,44.38312204,0.217331277,3.200907245,161.3030846,154.9622916,161.5125,643062200,167.4162948,156.0151322,-14096063.15
242,2023-04-12,161.22000122070312,162.05999755859375,160.10000610351562,160.10000610351562,50133100,0.7269,0.3531930415263749,0.04415544332211,53.83513626,37.93747831,0.277431702,2.831539951,161.1426741,155.4553103,161.6841774,592929100,167.2465991,156.5091142,-23549801.25
243,2023-04-13,161.6300048828125,165.8000030517578,165.55999755859375,165.55999755859375,68445600,0.1779,0.3838395863395863,0.1141558441558441,63.2683613,88.2136399,0.391639858,2.945436233,161.7316506,155.9372015,162.1316302,661374700,167.7659687,156.9368882,5588837.454
244,2023-04-14,164.58999633789062,166.32000732421875,165.2100067138672,165.2100067138672,49386500,0.34,0.4692049808429118,0.1600839055580435,62.38832344,84.99088828,0.329371943,2.97318549,162.1954314,156.4104128,162.5477893,611988200,168.1727213,157.2387079,-630386.2947
245,2023-04-17,165.08999633789062,165.38999938964844,165.22999572753906,165.22999572753906,41516200,0.0,0.408879669713003,0.1097621051787718,62.42047377,85.17494917,0.430552533,2.96263847,162.60004,156.8758848,162.9422524,653504400,168.2147963,158.1894897,5224211.602
246,2023-04-18,166.10000610351562,167.41000366210938,166.47000122070312,166.47000122070312,49923000,0.5994,0.3678197064989517,0.1324947589098532,64.45055092,88.33743516,0.402526365,3.019530691,163.1160348,157.336442,163.5416342,703427400,168.0490942,159.6151928,-4040109.709
247,2023-04-19,165.8000030517578,168.16000366210938,167.6300048828125,167.6300048828125,47720200,0.2263,0.3553237400459622,0.0841904494682272,66.28539737,93.67543591,0.396217377,3.122229666,163.7178975,157.7958198,164.0021457,751147600,168.5958174,160.0484697,2660928.388
248,2023-04-20,166.08999633789062,167.8699951171875,166.64999389648438,166.64999389648438,52456400,0.4939,0.4756493506493506,0.1239448051948052,63.31228643,81.98080089,0.334672395,3.088933347,164.1088437,158.2530951,164.3318132,698691200,168.9107379,160.3464054,-4819693.44
249,2023-04-21,165.0500030517578,166.4499969482422,165.02000427246094,165.02000427246094,58337300,0.1779,0.3171717171717171,0.079040404040404,58.604038,62.52986205,0.211882924,2.897617306,164.2303318,158.7028216,164.4506951,640353900,168.9219288,160.3523589,-15025741.85
250,2023-04-24,165.0,165.60000610351562,165.3300018310547,165.3300018310547,41949600,0.0,0.4300718294051628,0.1141184062850729,59.2250823,66.22911477,0.185416449,2.73943369,164.3769544,159.1414896,164.3895883,682303500,168.79743,160.3568581,-179162.4913
251,2023-04-25,165.19000244140625,166.30999755859375,163.77000427246094,163.77000427246094,48714100,0.4168,0.4533668618962735,0.1165497411085646,54.77187853,47.61340296,0.143756191,2.459837791,164.2960277,159.5626143,164.3073506,633589400,168.6406694,160.2479044,-18241012.87
252,2023-04-26,163.05999755859375,165.27999877929688,163.75999450683594,163.75999450683594,45498800,-0.3814,0.4354377104377104,0.2510942760942761,54.743435,47.49395476,0.114930737,2.211950335,164.2245566,159.9618047,164.3408673,588090600,168.6406694,160.2479044,-12221513.33
253,2023-04-27,165.19000244140625,168.55999755859375,168.41000366210938,168.41000366210938,64902300,0.3818,0.4348374619207953,0.0792618646785313,64.0764132,98.29164103,0.143898552,2.363470007,164.7826162,160.3473444,164.6473033,652992900,169.3814849,160.0428032,13433571.57
254,2023-04-28,168.49000549316406,169.85000610351562,169.67999267578125,169.67999267578125,55209200,0.0,0.6453125,0.1661458333333333,66.13076533,98.31168516,0.139583075,2.556557534,165.4355998,160.7273854,165.2066541,708202100,170.3186413,160.198503,18429673.25
255,2023-05-01,169.27999877929688,170.4499969482422,169.58999633789062,169.58999633789062,52472900,0.0,0.4464618714618714,0.1104541292041292,65.84341145,91.94001164,0.187255305,2.671523182,165.9895193,161.1063875,165.7821801,655729200,170.7555323,161.0173254,5093726.201
256,2023-05-02,170.08999633789062,170.35000610351562,168.5399932861328,168.5399932861328,48425700,0.4404,0.4786069122134694,0.1524199843871975,62.43470206,78.84824009,0.218182449,2.647390347,166.3295825,161.4839169,166.3395688,607303500,170.3233134,162.6552567,-6096658.944
257,2023-05-03,169.5,170.9199981689453,167.4499969482422,167.4499969482422,65136000,0.6369,0.4916666666666667,0.2071228154561488,59.01893547,57.26596912,0.058393932,2.51136189,166.4789711,161.8562845,166.7327113,542167500,170.4510124,162.7975576,-23206953.71
258,2023-05-04,164.88999938964844,167.0399932861328,165.7899932861328,165.7899932861328,81235400,-0.1154,0.4297276647565666,0.0871645230171242,54.15929813,36.82256197,0.057667778,2.243745435,166.3871074,162.2165218,166.7287304,460932100,170.4425322,162.888893,-8391090.067
259,2023-05-05,170.97999572753906,174.3000030517578,173.57000732421875,173.57000732421875,113316400,0.9856,0.416187345712139,0.1333478527900015,67.61732142,93.65221106,0.094858925,2.629132575,167.3448274,162.57827,167.6656972,574248500,172.3482458,162.1746097,17440279.43
260,2023-05-08,172.47999572753906,173.85000610351562,173.5,173.5,55962800,0.6705,0.3936182476943346,0.1003499670619236,67.42549786,93.04345172,0.138498819,2.895527812,168.1655171,162.9493119,168.1045078,518285700,173.7475581,161.7795829,15879838.87
261,2023-05-09,173.0500030517578,173.5399932861328,171.77000427246094,171.77000427246094,45326900,0.0,0.5270802808302808,0.1646321733821734,62.69240359,78.00001061,0.059524527,2.933239203,168.6461154,163.3292821,168.3913522,472958800,174.3869517,161.7316178,-8739520.448
262,2023-05-10,173.02000427246094,174.02999877929688,173.55999755859375,173.55999755859375,53724500,0.296,0.4343252426585759,0.1194635611302278,65.3988682,93.56516962,0.099143101,3.072149425,169.3012997,163.7208511,168.8074439,526683300,175.4189002,161.6868127,3428285.637
